,pc_1,pc_2,pc_3,pc_4,pc_5,pc_6,pc_7,pc_8,pc_9,pc_10,pc_11,pc_12,pc_13,pc_14,pc_15,pc_16,pc_17,pc_18,pc_19,pc_20,pc_21,pc_22,pc_23,pc_24,pc_25,pc_26,pc_27,pc_28,pc_29,pc_30,pc_31,pc_32,pc_33,pc_34,pc_35,pc_36,pc_37,pc_38,pc_39,pc_40,pc_41,pc_42,pc_43,pc_44,pc_45,pc_46,pc_47,pc_48,pc_49,anno,N_tipo
0,11.163195014876784,-2.9381677124959467,-1.40832830454599,-0.08786679018383962,6.214002244244678,1.1684635580879148,1.4965313900899364,-0.1683978337815994,0.15546726720527435,-0.3346359197367303,-2.2560184376051975,0.9195741995372771,-0.0421837298357841,0.7205891637736999,-0.5704857712108734,-1.2975629175752486,0.5127237335433781,-0.685510786462253,0.5685705919263053,-0.5933539301225559,-1.214079175421963,0.4377452469071178,-0.7249532376432997,-1.3308557010670035,0.6135048981853778,0.11915248953771805,2.155361146052606,-1.1822344677483443,-0.9811776477544669,-0.6210510890204255,-0.8576702712864107,-0.5920511512945995,-0.011292211186622781,-1.233076278696827,0.13736508854664242,-0.6881633134666574,0.14219768472221192,-0.4059244681385351,-0.21253560979630645,-0.21669676284304315,0.7245130652247189,0.035135799374284384,-0.7557942007649199,0.0782040078537186,0.25636310669184864,0.18780072074081242,1.1453969719701757e-06,-0.30676345839698205,3.0288728794680085e-15,0,0
1,9.170935643227777,2.41496646045273,1.3719891396418826,-1.9680078874501898,-0.07823934706363114,-2.413179530163232,2.2178783195511107,-1.3954455714018437,-1.550401989964868,0.5965975148287846,1.597237037833906,-3.080352300156556,0.1979164706344341,-2.063736665293977,-2.056257397166428,0.5962371749519801,0.9789378846590935,-0.5981177605094686,-1.0957535206894222,-3.0413412396910138,0.24506144339457137,0.10868931137810658,-0.30652032483079855,1.4866654120605047,0.17930068982677394,-0.4989452551608815,-0.3920192282425565,-1.2967659988190285,-0.4288891040194853,0.33751490213829993,-0.6486404079962036,0.6027830897216796,0.14708808338888724,-1.4880400813308916,-0.568715948383038,1.2294818159257466,0.2087739922335962,-0.45402160330855557,-0.13518069376461475,0.236717460127241,0.11016593813757529,0.25320423512161194,0.48107951284463957,0.07370447108714982,-0.2866621934693255,-0.1646444349732069,-0.1811121879521934,-0.044444985344872186,3.0288728794680353e-15,0,0
2,7.073583240919853,4.108314914033486,0.9828435561453058,1.6167082004814404,-2.028556414058595,0.8509367515709331,-0.8463873602221579,1.1637978104993552,-0.6408264101746312,0.7525439004536634,1.7128900207385738,1.5593267881399113,1.7443439694586342,0.7974629883756303,-0.8467081048720027,-1.3867290145469087,-1.7957273641700644,1.1182987349769444,-0.27383813405734864,-0.49157469264772474,-0.6639885226983837,0.02368268694369039,0.08616343644289778,-1.5615847364986597,-0.07632466523218276,-0.41190818951748803,-0.5001391134627753,1.9469159740972082,-0.5954593056061549,0.21938790064320532,0.3591206515516935,-0.0821099976397607,-1.130201748219671,-0.6478868132628564,-1.4629292898854767,0.14601007692469212,0.24120424056399029,-0.4789678566133012,-1.132967678278795,-0.37978517262185063,0.17437696288115956,0.023427731639122495,-0.3421658372271443,0.3677042817423948,-0.6059475192524874,0.5105490516433949,-0.23444444636929387,0.37741041189737473,3.0288728794680306e-15,0,0
3,5.825924960962863,4.389543777793266,1.6717412844882626,1.7076717006414224,-2.519497839664434,-0.5656642816075979,-0.750242067857212,0.6659852121836048,-1.129855651735856,1.7019485083826638,0.5928616918604515,-0.21953083747738275,-1.1141087966147458,0.6905510723750012,-1.0401048335565657,-0.06363296500998548,-2.034931080812329,0.7669673958335724,-0.6521024773757447,-1.7077730722263347,0.026180329716833782,1.0025574137985722,0.09655794508457755,-0.13745481763643877,-1.4227172669584813,0.9586971998093242,0.8336298441820974,-0.4026894306780021,-0.47635057223244065,0.05402335329903119,-0.31632966058393885,-0.607910280523485,-0.2920041812364839,1.0343945652808384,0.23356610663772656,-0.9618733609529787,-1.000520216502814,-0.9583466697591617,1.0092802870816333,-0.5411676128091572,0.12350384865502795,-0.7914673436102492,0.6825679093673075,-0.17737683510803157,-0.008479962660151974,0.25795207094895645,0.3148948526139375,-0.49312236439993395,3.0288728794680373e-15,0,0
4,7.354750804099742,0.004483655872268161,-0.5208880849010518,3.988517335366691,0.048433273778841344,0.5726250036927553,-0.3832402790268663,0.15301192190186785,-1.1551830347050605,1.245607814051477,2.0266148009173834,0.1077054495698209,1.568537059217055,1.0415186210550376,-0.9495236980694162,-0.45452232778889523,-0.7222779088504478,2.616121593883887,-1.5414588813311552,-0.5117327433597834,0.85214762462446,1.0947949539833388,1.4042670775728263,-0.9024308234279546,-0.12647116819366727,-0.08225193394066924,0.2615874621794271,0.04643197119346468,0.5362746520529774,0.8683194277828872,-0.3815426789699504,-0.03417807797191027,1.660484955582048,0.28161752972142934,-0.37739719058568116,0.12567370380422252,-0.06117940579338486,0.5683705994552688,-0.22622139278308465,0.21004790596109196,-0.21374898597478964,0.5842919807207259,-0.5324251723201703,-0.11252536126297921,0.9638796740540607,-0.8451946497247484,0.17211767972854314,-0.05392957795333067,3.028872879468026e-15,0,0
5,9.00704804847069,6.091059108851517,4.78404357320345,-4.621377608763997,-2.8668409795773306,-1.4467604502406874,2.750042710978011,-1.1575401124847997,-1.1248102549149575,-0.41585804834920104,1.0052145018630603,-0.22278421606329524,1.0427346566393871,-0.0024030642759753744,0.575285168039667,-1.665109334703165,2.6460070511567695,-2.148504469382075,1.3622047639076589,3.189521579994349,1.3661410956890296,-0.1027316831613524,2.485631406477394,-0.5737267644596828,-0.7396401116054127,-0.27489261162080325,0.7117667475173884,0.1421532949761244,-0.18640447287597836,-0.08098823793062251,0.5062172037225401,-0.5724579029236495,0.33912276861696766,-0.12118852491194088,-0.027250696612931547,-0.007658991808947225,-0.3675841119549685,-0.20554542326130737,0.09328744049590787,-0.34878974645856176,-0.004228002405888903,0.03799146948488693,-0.10326310523606852,0.03642595112901522,0.20327477508291547,-0.0018118568572529296,0.03542652603535009,-0.0760062632206565,3.0288728794680326e-15,0,0
6,11.373149600044982,-1.4781072835953135,2.6068814040932,-5.698722300742288,0.17933508007972396,-0.8415024825974012,2.515140528385531,-2.125132586045637,0.9811526020063893,-1.797308752614024,0.4704564910952296,-1.4948080908823511,0.32046351803702977,-2.5261716209592544,0.24640321698456383,1.4269476043830684,-1.4037557873999993,0.9921859117650313,-1.251671280292466,-0.40175107786603276,-1.9921649760439382,-2.2266320073534147,-0.5551329496391105,-1.0248202888789768,0.6995162067164561,1.205591414628896,-0.48934785908287975,1.041987545043389,0.6496518652061622,-0.8906413430228589,0.0159690511864146,-0.9988797034118427,-0.19669757777449748,1.3920648861181522,0.10697057901367824,-0.01239248442130721,-0.06364046584962244,0.5285756352238804,-0.5468415908632013,0.215103603597962,0.19443759424051424,-0.27774424720787866,-0.11572912566770084,-0.18529335797401494,0.3222450708755827,-0.0319131907202714,0.037580718179555134,-0.11712467796708072,3.0288728794680353e-15,0,0
7,11.63373726871241,-1.4088000686524176,2.404964450655279,-3.2679524320258597,-0.05879906999114159,0.3068314218469615,0.36865467131393587,-1.5946296810810772,0.4274737807630883,-1.8466656901246972,-0.6708658784294812,-0.3149889649813261,0.3124008187505275,2.477771520569695,3.3892648185269807,2.5869567754065463,0.4256909374237803,3.441774845203522,1.1822945316615168,0.9550493383210137,-0.28059918761186253,2.4477042100347197,-1.220113174201487,0.8419642781845229,0.9344863862974289,-1.4430104591458157,-0.026301546719643937,-0.00368274578648208,0.0018442913967938544,0.49690150802511995,-0.3337856862307897,0.3676183132568021,-0.2610136281936101,-0.06652132931112933,-0.6118477296697253,0.2448917322724185,0.16355388793859502,-0.2587151967980813,0.6631784090575688,-0.38714486578804375,-0.11027060367877876,-0.09546039846601644,0.20746557941806193,0.09750289508047004,0.03446420374035602,0.09961990936053422,0.12217463099117937,0.1490503991109475,3.028872879468035e-15,0,0
8,9.739681609547459,3.1642383106686474,0.6275706813789874,-6.418048731434213,2.1327026143079557,-0.2736926242943825,1.1335924785309128,1.373458957748831,-0.6071611133171332,-0.36526449082177587,-1.5581811689446905,1.8314063279510595,0.6805838937710694,2.5759572100146793,-0.5029871057184879,-1.5442340416797715,-2.141445480657032,-1.760006287880214,0.5089841984010236,-1.7003456552089142,0.9279508757395674,0.17502264893401437,-0.8943390185275388,0.40914098841095853,-1.3353431568655776,0.11504230972538847,-0.6333768904141214,0.08325723265822967,0.11865688430775707,0.5678760640085956,-0.4323364977758706,1.0774541368603456,0.45913096804682435,0.7420138858754759,0.9821532740391589,-0.3282868701888105,0.5876372770349104,1.0540390398729071,0.2714224542246635,0.3440163091551479,-0.7418758631085005,0.2797363551963057,-0.11535933292880139,-0.14270442227239163,-0.34660734934835197,0.09576920741937256,-0.024486345404403267,0.26535293006757765,3.0288728794680326e-15,0,0
9,1.4312940510079777,-0.34490155372933357,-0.4795463817553043,1.577051053759973,-4.222388664445943,1.4290637789270884,-2.876429245563417,0.5363175621018185,1.1327723811706387,-2.706184118945557,-0.06748442384008023,0.8843857195729873,0.32933742196961163,0.496956392506322,1.0393182164213257,-0.2655320179959807,1.6759445927116576,-1.4659558867087392,1.5151279225702594,-2.0515628177932186,-0.6303759797744324,-0.734091851061876,-0.5592885232726863,1.0436732910320636,-0.5182415046078598,-0.49574552752823164,-0.5270330222161081,0.7937829057044778,-1.6987238043974193,-1.0642316967131853,-1.1558646740553704,0.29631598780877466,-0.235925764827838,-0.19711544459463767,-0.3547261747593299,0.08152801061126695,-0.7845377024781252,0.9860972686174022,-0.5469411232982178,-0.8602817357208584,-0.09218662588062809,-0.1958049939236499,0.006716436482367493,-0.31701368936069435,0.33930954708820127,-0.5397543144562116,0.0474325914455124,-0.28011183766044107,3.028872879468039e-15,0,1
10,6.394044316654975,4.579977320275229,1.380265153322125,1.4967919223192816,-2.0403730049208497,-0.680355242183994,-1.592499371873481,1.3488290879407048,-0.20002442099261863,2.047206282257325,-0.5612259913282139,-0.00929238510615365,-2.0434047038290193,0.08539301142831612,-0.2740789898838164,0.7777660937373947,-0.36631282528896586,-0.2861765123380647,0.970880706199404,1.1853316897391843,1.5193949773693516,0.9308278390164999,-1.5169197017083487,2.402145717514627,0.3731476429920994,0.9146861602978412,-0.6694128632515113,-0.7001867959334319,0.9893460620047178,-0.3208599793350423,0.41086777139207614,-0.007393931125009636,-1.28940149657863,0.2736993579121468,-0.028461474009809386,0.06516951663697046,0.035653054769363327,0.3460471167423301,-0.8907094030351607,0.8585097392209733,0.8735140564071441,0.2475965324256895,-0.8332713643812429,0.03984366731844819,0.3837744223810285,0.20556827719429174,0.07055836511791184,-0.3562127552567975,3.0288728794680188e-15,0,1
11,10.923666890676932,-4.449863384071485,-1.7825514070656285,1.4849844840593238,3.922777758402425,0.8875409703140993,-0.5262069060143284,0.15535947916291404,0.7534742799324363,0.5425177772413972,-0.5531476713891128,0.2538786397327655,0.38772039027952304,-1.0442646152998858,0.030008738470867484,-0.2170004102494534,0.33138428246293755,-0.6912048612522483,-0.9441971265666848,2.38067014805342,-0.1496381467866501,1.1851243203971273,1.7050680761694244,1.1791771174937171,-0.4725935934530738,1.3215487793735934,-1.005467415410842,1.2424493103431944,-0.3860518011077892,1.1245107612265353,-1.2927726934433679,0.29832539892670584,-0.9013064707740938,-0.25307841853708146,0.03371961554289576,-0.7112970525759652,-0.30118791406497425,0.24026239712176697,-0.24615388535130453,0.6403797505339746,0.4784903964962922,-0.49635657015186424,0.8399381696760543,0.05178629723490236,-0.33584862205404664,-0.47602908755167866,-0.22201826980325934,0.0677857416612195,3.0288728794680337e-15,0,1
12,5.069257477390777,1.1909946114249272,1.6867678031265156,4.2371460884854,-2.8707746015642694,0.9095754211334539,-0.3294089231191735,-0.9106126468321551,0.3071400569269269,-0.04426647922213007,1.2767465446926987,-0.17939913272825958,1.16205426426814,-1.1368405896016773,-1.2257193155367823,-2.040047319098751,2.6724902561201347,-0.5033206909968079,-0.35445868059867414,0.18742269889462806,-1.5835529394574215,-0.11624178438393232,-2.3946656024125854,-0.19135978878911655,2.103378627696021,-0.18920056488186848,0.6094843217594673,0.20625957292128627,-0.49922331381617124,1.3131928315488428,0.9500201889625799,0.3507116118514748,-0.6548717695881092,0.6349004606592493,0.5000799432363776,-0.8453765147681487,0.6273961106851245,0.14826226249071192,1.1414283195665695,0.6647094581131572,-0.24846243231807974,0.03469638785733262,-0.13080708020189663,-0.30680727849420647,-0.15135674545419564,-0.20660394788084485,0.011938997245984486,0.1666499223723564,3.028872879468026e-15,0,1
13,9.031103374580711,-1.125691013104162,0.012562458606461425,2.3152297828614596,-0.2751993455138871,0.4878230683219066,-1.826523709999691,-0.1723435186681454,0.14636697579377586,0.1515384581823144,-0.6515643698440451,-0.5229212379765076,-2.9616483742301294,-0.15559875842957413,0.2745462921265622,0.7920358192328366,1.1296214399721787,1.2707253546159523,-0.24055685113588288,0.17735628472030074,-0.46897151045488883,-0.9069086327222823,1.2743538987209095,-1.2384740113309358,-0.14132743082474372,-0.8003657919780348,0.1513495589743913,0.1399565807215593,-0.17062889842215856,0.4038339367890517,1.1212567536717375,1.1196161127315039,0.9545760832836716,-0.726095577097346,0.45158425748724546,-0.17838506797229056,-0.13238910253464078,1.1668338984426523,-0.4273824060322975,0.4894457304651036,-0.5600554426508759,0.2567436352857461,0.47132334896451866,-0.05766132065166276,-0.28946798083499364,0.8875698526033846,-0.07550110435037206,-0.6688356817253268,3.0288728794680294e-15,0,1
14,4.732501714961512,-4.0075712112035635,-2.8097367676609872,2.6623827531433277,0.6487187791687036,0.3186420080457531,-0.30558883217360927,-0.627681971875627,0.3495029677868845,-1.9837096189594547,1.8862066081409383,-0.8825488368272761,4.700586665378806,-2.2650340813129137,-0.026700204613868517,1.128298467195512,-1.386691219082676,-0.9835810427253386,-0.2770357584418275,0.006425200993693601,0.08252824934319669,0.8322747171098364,0.6982730882233364,1.674369040486791,-0.733844908998262,-0.3907682431003021,-0.32329231046266255,-0.8092118182938729,0.8187621287798975,-0.9590675830756326,1.4712453906849436,0.7301123183948374,0.04072023595007444,-0.41091478481502763,0.4987432133095021,-0.9844073487401981,-0.6796230783621999,0.12538095251560433,0.27530178847946585,-0.6071688770821779,-0.322066210048799,-0.08972965062560688,-0.5645356984491631,0.2945034087825705,-0.06677907996648343,0.42092541630648017,0.1600577929473772,0.11427259878604151,3.028872879468033e-15,0,1
15,5.591682123938843,-2.0994164854889017,0.10905613211189069,7.588693824328143,-2.5539248319486068,0.8117667627480863,-0.2765257882773845,-1.6073054686738921,-0.5673001164233942,-3.0392397319906053,-0.13681166631343614,-0.06359447817809231,1.495763255573771,0.7898999644070697,0.7775860103763865,0.510314949428953,-0.7433638279886843,-0.7855133872809116,0.6349693429310491,0.2811124592223668,1.6362047239562052,-1.1982326668131416,0.1468732381833426,-1.3946244175991804,-0.8744789737202275,-0.48647468315754416,0.5046756974286822,-0.8499795737113168,0.8977572616296463,-0.6027652624411852,-1.5986476298999985,-0.334803461993901,0.00288105775167778,0.6323027133188575,0.7857735005454578,1.159062070750532,0.8795250080393537,-0.18937964577876873,0.16027434593582326,0.7551074697488759,0.6663986983798752,-0.1911580343593442,0.26088971890533075,-0.06608028190728892,-0.31402792924443346,0.24975801869632722,-0.07062869103874238,0.1768843342509335,3.0288728794680326e-15,0,1
16,8.169671481289411,-1.5022739050089715,-1.4139957952225841,1.939604306969328,1.1875688874015033,0.18651181662746233,-1.8489260937879322,0.9443509637041779,0.30717393368174106,1.347330753908752,-0.5959737524043318,-0.03238494775765823,-2.2542246044180825,-1.154792385298243,-0.9325073453135433,-0.025570360987669648,0.8338466423559614,-0.8155521782077781,-0.5850488476585576,0.8897830575385234,0.29631578265430736,-0.6926226962919295,0.4426422094452866,1.0519441948914814,1.442487101039396,1.287272103289937,-0.6673153546747547,0.7411957802219005,-0.341858101091461,-0.15663220431814165,-1.4113429394987234,-0.49130859541209426,0.7867497113002396,0.6736648473781013,-0.1879916015212057,1.1519461369608366,0.24957340003015685,-0.24771436507425382,0.8494928521873341,-1.0846630734084224,-0.8825752707403045,0.2385463287781243,-0.48523837727633345,0.4577982258543322,0.04896524936995867,0.5860871823718784,0.37640031969579224,0.28085423581735414,3.028872879468039e-15,0,1
17,10.155100549735854,-1.8976071015756306,-1.3326662414968335,1.812679320335355,3.44575343463946,0.8728421201988666,-0.8722247261939378,0.5263992276841204,0.30506299616911203,-0.45343141930043407,-2.2475892618765974,1.0722400871071174,-1.0900420329248957,0.3509664274426229,-0.27324325184732307,-1.175641648690267,-0.8024750699449941,-2.085733378411623,0.20783587634352418,0.052628262733393064,0.13792813566070972,-0.7164594377208198,-0.9072060758480051,-0.028129091268101935,-0.08289848907036704,-1.609546134544551,-0.5013905821278494,0.006417760933018424,1.5690445390652181,0.004916148697055455,2.3652072197977776,-0.6580489349394869,0.0870857295067529,0.4530597696237235,-1.3425250874464647,0.9406286637178287,-0.2830667938954808,-0.6157122840655809,0.0927879119789978,-0.3071842237458883,-0.1184706282597318,-0.07699067788422176,0.6475009007862387,-0.1738191168811259,0.13079465505908916,-0.506553272167831,0.08101509789617536,-0.15456951553642817,3.02887287946803e-15,0,1
18,8.943345764270964,-1.081153327390175,0.828304807433439,0.7742311914873489,-1.272608249223515,-0.24255631330450697,-1.1102211551748302,0.051983714843360604,0.33288104847361255,0.9795814319770572,-0.8835079551786269,-0.6583877924383124,-4.136585183780543,-0.19338217185864448,0.04526071057927636,1.492279836358972,0.13488283470473342,1.327514957226888,0.5954615211081417,-0.2582658395441252,0.30272073611360606,-1.373004293452995,0.6270789463286515,-0.4458024948396204,-1.3273738678962013,0.28969613755978574,0.14337008982349922,-0.6574782583498084,-0.6655559115261539,-0.9901507039831164,1.074760769717793,0.34972669102301734,-0.1955876096765027,-0.4271414546388862,1.021480404953589,-0.7551673989624601,0.048168001166531256,-0.5987767559700847,-0.027625905692422667,-0.23959912723397844,-0.06249213756966092,0.09682937845197907,-0.33627439270748094,0.047348102611832796,-0.19992265211020904,-0.7437976835871669,-0.2737397067916888,0.8806538571106015,3.0288728794680353e-15,0,1
19,-5.161170456541827,2.1920765261960606,-2.758235469102193,-1.2787105138018822,-0.20189006031198325,-0.17578433024845844,1.334521741393472,0.25146267262136857,1.6433523947157085,-0.15149206752880867,-1.0874046514049698,1.7264913001605606,-0.6287447564871711,-0.3107761862685731,-1.1034147405711805,-0.06442126861031285,0.8548228275964287,0.29028492952406326,-1.599257051320385,-0.49466207362442455,-0.3145598144580497,1.9243693142767908,0.9415068652296943,-1.0111950793709177,0.48611411056998327,-0.5221797887148526,1.0670531860586658,-0.3941738065461822,-0.30123339056515874,-0.5064360304690187,0.5912258667219075,1.0631295206650824,-1.0511778193039019,1.0466102145884981,0.563361668604413,1.6981273987385805,-1.2223328923555479,0.8190782305082871,0.3390946227591427,0.11410320087340582,0.37258630430787515,-0.5593544276025634,-0.18290535386083015,0.7387426075703386,0.04724247072730156,-0.05971163759381465,-0.3195074876449823,0.17448972468467536,3.028872879468028e-15,1,0
20,-4.371709944295214,2.6611048748549866,0.11821754988142817,-2.534074574290212,-0.9215949102706554,3.5739337009722454,-1.8749080060235574,1.1038148888389212,1.9465612121250013,-1.1383985073063139,-1.5387334237256074,0.720009109155063,1.068842769524891,0.30222929227193657,-1.2704156621637228,0.7807841916167787,0.11981107043306201,0.5142174111641433,1.1631212640127027,-1.1805446559215917,-1.8344399942203249,0.2158175667571605,2.711197933479969,1.5619210635576422,0.07660088384154687,-0.0769224386069003,0.09939069607094185,0.30018018596472557,0.2056463083629991,-0.49090052340966817,0.07731386834277537,-1.0537737654192514,0.14803553918373294,-0.062412617809549854,-0.06129625153276753,0.1928472720503149,0.47782110004254336,-1.08671956483712,0.47706762634016475,1.423231735744621,-0.6457447963359418,0.08253776963141565,-0.2533207003869681,-0.13907293126327294,0.13429956424985381,0.053449123043264685,-0.45495800901734046,-0.1614683055979651,3.0288728794680207e-15,1,0
21,-5.20361726913191,0.6651492740862016,-3.131669238051519,-0.2886716183653799,1.7812508753338432,-1.4342591816508443,0.3803736071462038,0.2894270935680471,-2.6626919819636634,-0.2039762736852355,0.46412221706311274,-0.03007769751382144,-0.07230015197035801,0.9113015105945199,1.5662656723757793,-0.6640254389221915,0.6356475849782727,1.072580004295997,-1.7546682774234061,-0.8494728766956614,1.428293564072597,-2.0169339086607168,0.1008109970385602,1.3591803971837508,-0.6783490037867287,-1.1260214972863507,0.12118419462593724,1.5403291314347136,-0.7337938182666437,-0.6647951735459847,0.589304880681668,-1.0384818173837471,-0.8380890597521019,-0.4469387241303022,0.19907012943283114,-0.45398100183615087,1.0055551143217891,0.46166266112650434,0.9926615015767096,0.30787753836041276,0.44686442218048816,-0.0033599806981612444,0.1352793613390968,0.9764433433238141,0.4214968509004249,0.0038997614761899853,0.04849550983266445,-0.17106689738972222,3.028872879468034e-15,1,0
22,-7.463061759793926,-1.9462126027279498,-1.4492990538632518,-5.241163994324292,-1.0274761248375883,1.3875867745209687,-5.0270719970533975,-0.6450173176322498,-3.152600392127772,-4.06427755523241,-2.5281275077553538,-1.9609673377767824,0.8436507557336385,-0.5991536750978065,-2.7492812069047243,-1.2342160997904612,-0.025522202131085168,1.8180462133559994,-1.008685344183492,2.0043325252972113,0.8525375795856884,-0.4706897456522436,-1.1700614425654616,-0.09068731764911604,-1.0393857814687737,0.8816385959551315,0.6671545235931107,-0.6588611306341848,-0.3898840974214526,0.8562495680109183,0.11544230943059046,0.3113907379816497,-0.25410974356423616,0.04043193073145266,-0.10542304561196583,0.2767625105491769,-0.03457172802822829,-0.2625504059683943,-0.32435484482965377,-0.31814029121991483,-0.07587586105628048,0.12214309386490649,0.0012667600612491343,0.052449530071722615,-0.009355072681533282,-0.04246482712100999,-0.004010562773033209,-0.08604399859433241,3.0288728794680337e-15,1,0
23,-7.413451882716367,-2.198525019201907,-0.2579417234261654,3.1114432088288235,-3.23919373578852,-0.42291751588642845,5.224609345284628,-2.6750238624039167,-1.7569830506004445,-3.2334053948770647,-1.5638514095919684,2.4643726819229035,-1.7707339885449236,1.872178712343606,-1.1894017445448637,1.7506584556953728,-2.323312066013022,-1.384861107547743,-0.8776043088818994,0.5145227837880876,0.23991520675796094,-0.07683283444592445,0.2597886130884419,0.7013980201979101,1.5631368840010638,1.1193855679383842,-0.430367272326574,0.3909734315782248,-1.029223417542725,0.9491999325858856,0.5672962549560201,-0.007676254081642869,0.22134403018696058,-0.6638014034441698,-0.05121064036691537,-0.26027148375260256,-0.3863938517330294,-0.22207526564457314,0.01151468323482367,-0.13365729745097873,-0.1016168947309104,0.4024145881677937,0.001386218980379586,-0.07814110328806749,0.23453575485939113,0.026407969209780766,-0.24989618240445088,-0.05171735332246862,3.0288728794680353e-15,1,0
24,-6.343162237052689,4.454280882738086,-2.1783056393743556,-2.7128855945759502,2.418052305037476,7.422481555624591,-0.9590439795274385,-3.748891141110408,2.107601223681544,-0.4274031035272225,5.246084367717116,-1.4057399948151048,-2.572059655520562,0.7104276521396354,0.286990054605016,0.7429051127134373,-0.4082200565513168,-1.6727559387925386,-0.5450968346377636,-0.01997602145519418,1.3476499240941633,0.6933877563688863,-0.5382713228003483,-0.8830619686940183,-0.004968975684437333,0.20800182848975038,-0.3488877864281311,-0.10209032586382862,-0.014584493763823161,0.09330628098405842,0.06958089449146146,-0.2059431528484062,-0.1102545940369837,-0.13514952203137082,0.00850251684704285,-0.1538720356083741,0.22814925257319263,0.060466686220825856,0.0785115282144993,-0.1637483919304582,0.13064745153610724,0.10744839812771659,0.05131337615213356,0.010485375057105993,0.03296384597078985,0.01712290659845181,-0.01710236612975731,-0.008590254367182356,3.0288728794680326e-15,1,0
25,-5.789664996668807,2.8072846404258884,-2.2298256990856222,0.25564381877183484,2.13239615605138,-0.7238403166988373,1.520304890030592,0.23115841857489178,0.3707954549859688,0.24327834747189245,-1.014459020191047,-0.8468810241710579,-0.15536785659971175,-1.0035177971654754,-0.9671587299737516,-0.1360672672672075,0.43920686559069283,0.9372297726618707,0.6072170173094945,0.4734933426133075,1.5673267973934961,-1.4762488166277068,-0.6484486983596335,-1.0253794751569187,0.02053961186238651,-1.5398372277670098,-1.2792924126848515,0.9624354517082233,0.6453220166238396,-0.46199810807556013,-1.3059847917762517,1.5605040513338608,-0.2997451210603992,-0.10602106382723495,-0.6749082618851652,-0.6808097886621992,-1.3576799694148096,-0.6256774089028715,0.8030705348974644,0.37063662847356443,0.06790709312263103,0.08943578596373143,-0.2833189159077338,-0.7589705617314154,0.4844155864996698,0.30737436554713843,-0.3581172572521345,0.09851356453017206,3.0288728794680235e-15,1,0
26,-5.448622687874382,2.5763532503982183,-3.8894107296314893,2.2757398263989184,3.0090045341083953,-1.3894058859680054,0.652304489778609,-0.9202605286664509,-3.3091882696209214,-1.181798850975755,0.5253259905227996,-0.8211937112329489,-0.09962243089413222,1.9328117561428686,2.2040224481828985,-0.35118185221559794,3.3400424114652294,0.23231876547169475,0.04624027199765588,-1.1816469720981126,-1.1561149966368773,0.42508458260400406,-0.17068811542139836,0.40765950675685225,-0.9237846038915062,2.0392818483743556,-0.9078493974274319,-0.3178954438410124,0.002347334278740645,0.09344606104606819,0.7814551870966201,-0.15506013099974705,1.2282173555289413,1.076796273811312,-0.6925250024736996,0.008342112324408214,-0.35170359336140705,-0.26819881835167847,-0.5372691653324377,0.2894253321795371,0.20602469175621052,-0.4835062983649129,-0.2834596618022381,-0.3107816012596881,-0.2421340247287488,0.29945596404551894,-0.21246918148978566,0.2641148239637728,3.0288728794680243e-15,1,0
27,0.5080437357951664,4.377206201560916,-0.9538366957333918,-2.0328986607533612,-0.666390367362658,0.6019106963139281,-1.3479540988084566,2.7016991657416014,0.5107583136200153,0.754862176666935,0.5474396323503191,2.628698628903245,2.210382531557909,0.9777168157863878,0.4034108561897214,0.23182683783268618,0.43359544486395246,1.0910077092492543,-0.8267479716140925,0.4834261681897903,1.5193156587006467,-1.542891219259187,-0.7711848149187611,0.08599203767479499,3.1418833668247985,1.1779641995476091,0.04045484713869725,-1.0997563891468731,0.8809182576689548,-1.114479623447345,-0.07786822096994711,-0.34157637924156653,1.2504379714766187,-0.8326867788123773,0.34962991681081906,-0.4337763376467824,-0.5232832246740555,0.10399800580803563,-0.15878311712637524,-0.19853819527187086,0.07861128538653452,-0.3801030782402721,0.6818577439154432,0.14160278719531408,-0.34769626178312485,-0.15825307717086784,-0.35472067258663054,0.043260139008252894,3.0288728794680337e-15,1,0
28,-5.255512711183754,0.191545782555086,-3.0235841508747874,0.8433806188167627,-0.1793325877162321,-1.9816394624229676,0.8653466770986753,-0.7001111137688677,-0.2229356188628667,0.5273142159366379,0.04678942002232634,-2.513400625314224,-0.7694118858353391,-0.6990194625604719,-2.2328768104793495,-0.17957574940987922,-1.4080692244890232,0.29696305526401423,2.775649956706718,1.1096661795978138,0.33027723598403264,1.7740116818296108,-1.5807576438169764,-0.1110064083849185,0.26472789176823286,-1.2092663493455986,0.059824227486508126,1.3203344804881652,-0.6401986521082,-0.6804495646298364,-0.04713133938770635,-1.5354192185423265,1.6601980296418544,-0.31040665349812124,0.4105314725362289,0.0007190351254286477,-0.22682072512341347,0.5115880457004579,-0.23473821844870654,0.5158061216812245,-0.35238994795410944,-0.8268999215170358,-0.07516668820219843,0.31203046333490025,-0.4460507829751121,-0.21352836691872462,-0.007240571527790687,0.013482638434759575,3.028872879468033e-15,1,0
29,-5.571729189304233,7.243601793039743,-2.326436799728941,1.6339818977779241,2.350423884619983,-0.930617931980732,0.824374919240184,1.1586444968243632,-0.3886158032814183,-0.16019033184541395,-0.7151863538636488,-0.22954272004602577,1.311634622289138,-0.676312463616763,0.8368540485457795,2.764896250225492,-0.15080608540340165,-0.04006970350295678,1.3478961269700491,0.45715239005269587,-0.43327126833819946,-0.9328483195355008,0.34467925427850393,-1.318254896272775,0.17224757362544277,0.545181680460451,-0.4324609517742365,0.1363844219045033,-0.05040684230391086,0.7047360094896601,-0.09479234732039223,0.9369850622965009,-0.5396011771285861,0.3417980169340345,0.23362507662494944,0.17422994510754744,0.539810729520786,-0.41005673503422,0.18261479170094658,-0.450199697089756,-0.24626666931998095,0.2648386026999519,-0.4835972718435013,0.383443966278305,-0.8299844103343955,-0.7494744365990819,0.3409369502653572,-0.7115689060736026,3.0288728794680365e-15,1,0
30,-4.9316561675942765,3.7366520025419043,-2.6773780308934563,1.100368888453061,0.3794342185599105,1.0581720578431049,2.7903827964160883,-0.385385484104997,-0.24093706271556123,0.08483715938146967,0.8675363838773534,1.1214200533451908,-0.6237608578311975,0.47946696619072515,-0.014898960075140246,-1.9114922078977659,-0.35011198393758874,1.8943924956313287,0.5855393029489657,1.056105138047552,-2.175136218537043,-1.1462778101783733,0.09289175271261273,0.7245268246026919,-0.7572791404793379,0.1293359403916149,-0.3619824892140345,-1.0279309106100774,0.8748272537275649,0.10212741969269928,-0.3644251374981356,-0.5017639312634488,-1.1782470825914237,-1.4043856489874864,0.7128077558840802,0.7056679023659801,-0.516522437910183,0.3687122218009597,-0.20428845496253614,0.1694019327970461,-0.6117227348153638,-0.16244785461692365,0.2497843741028566,-0.3683249915483293,0.10414017438748155,0.028796990455771103,0.9754030803757847,0.26775773485220095,3.02887287946804e-15,1,0
31,-4.671194159045442,7.970012816861087,-2.072849288042692,1.6318227633319184,2.222948979075616,-0.6644959742493644,-0.478884761500083,1.5596413230037167,-0.0654360501051075,0.7738571710667478,-1.5012376988533827,-0.5864558163584281,1.5297978821600546,-1.4375022341890915,-0.48774967827945404,2.635131314665211,-0.3379635831181558,-0.7558195617379189,0.2749266842321041,0.5695297748460685,-0.49601223773948,0.6245866909186252,0.08287832020627574,0.18624411857915765,0.10018558255082385,-0.4212800360856922,1.5350592267508896,0.21730330257657487,-1.1299074885406308,-0.1177995607080807,0.3278083248795681,-0.13976051559472843,-0.01801671705653459,0.5528279009826275,0.11846546668985379,-0.10699323391511407,0.9081312035578332,0.4011051323300995,-0.6085534710733346,-0.4747595204622938,0.22871648967372682,0.5482718744753288,0.937799311873339,-0.6485473705626971,0.6896848692850507,0.30769817559004525,0.07130257069789929,0.49618555170024026,3.028872879468028e-15,1,0
32,-5.946591047155637,-6.634364418598109,5.849342824634076,-0.10767957220633799,0.3126143518045393,4.581270019266988,3.668050375728081,8.100003621126492,-3.18189580647153,-0.21982848071970443,1.433416710515055,-1.048926734969529,-0.3023370629335134,-0.12877709723680963,-0.6764618909271668,1.5658679450832194,1.202159774950058,-0.3344389153129059,-0.07239075807465904,0.2175975610517047,-0.13054654294075682,0.326099123158179,-0.6360897842082078,-0.4478317600151426,-0.5019660243134267,-0.4090205083510914,-0.3669762029177135,0.01059929015848185,0.06886582811123848,-0.01946995196400706,0.027297850103955728,-0.25303740225527505,-0.06461111801665263,0.15616595712838155,0.22376912961312587,0.15163828474560018,-0.13956845213635655,0.10544368169480034,-0.04139929495935361,-0.049844172796366784,0.033233789621039345,-0.06723407853387231,0.030510125830459728,0.01932931027358448,-0.012655515213828421,0.04614482125125143,0.023936736563754394,0.012003149069270379,3.0288728794680294e-15,1,1
33,-4.474873464376968,-0.40373366667548793,-1.3790945176240763,-2.22369135996971,-2.0052768031172983,-1.6619974412448815,-1.8378473142742342,1.3117670264266286,1.6902060829196395,-0.3252403887529348,-1.1967359787883523,-0.31634468373954583,-0.536891000318298,-0.3826178395684382,0.2536175222248146,1.8067977924156866,0.31138583588746077,-1.3531028585116465,0.14278128126447806,-1.3555626170544217,0.017513971253339283,-0.8526520768100321,0.8351670049823663,-0.758526984442185,0.032900888831938965,-0.7908807709778574,0.1217251709942748,-0.866204314283236,1.0804111000924908,2.890493262747465,-0.4046201920723297,-1.4877500299981015,0.0952737734730384,-0.49344431248720283,-0.8842222194455078,-0.7213822044080063,-0.44632467396611475,0.7901728657879324,0.2914732047092304,-0.002673709385128192,0.6112712298476882,-0.3663322688738491,-0.38069452261883596,0.18618455284683103,-0.09850443587400647,0.13790271460797215,0.2558236679362077,0.3647725306049665,3.0288728794680318e-15,1,1
34,-5.414919278349522,-5.116986864334662,2.251854554463129,-0.4369935407327215,0.3431267046956513,-0.9176933870654005,-1.0318844030473044,-2.201579794087768,1.6339914654277183,4.8356436669105,-0.20916516697175894,-2.5129352875919326,2.8238067585618305,5.249130338067547,-2.112775124139374,1.4080172432691034,0.2803312025245125,-0.8841668126696319,-0.4075420942754372,1.1494889564783126,-1.1198677296458455,-1.5943707816118526,0.020897407706653222,-0.03718020974543207,-0.2333037739814762,-0.1492015996953207,-0.6654054261553689,-0.452567200652039,-0.7717959004779908,-0.3647783366250786,0.26612288655154037,0.11032615589521257,-0.332927705252756,0.17558002267266767,-0.0034478595118554107,0.35142323957534166,-0.1945649479969251,0.20514360975705473,0.10766220800504116,-0.08389525962732788,0.1432810355775013,-0.04359342339618212,-0.02247713214191555,-0.06069143760066162,0.008190982742754795,0.04148651288977763,0.012159682459828968,-0.05081165088100969,3.0288728794680318e-15,1,1
35,-4.449565864089566,-1.4474087427936861,-1.383009895322739,-0.020374878916122,-1.643828169699093,-1.2903633517610817,1.9802626713242586,-0.46118632381668223,2.4494479352941187,0.3417996486206827,-1.4204392180117567,1.1283603528786983,-0.3959301806070103,-0.0023261214474779176,-1.098009973515442,0.011301168192390736,2.100709511182453,0.45172209086238985,-2.4863721307519815,-0.1285013846041771,1.264489539224351,1.3698900340375388,0.0901707493015193,-0.29988528604932774,-0.5681065663272683,-0.8774969687190033,-1.0038448903807953,-0.28134600985648134,0.9118608714289655,-0.2668791615013384,-0.24471002843281472,-0.3852824100744908,-0.49249789309236336,-0.01816691009484001,0.3185609996188755,-0.5351842685909034,1.7613611934183169,-0.2735076521040249,-0.7857968100120691,-0.8438534544198673,-0.7013255292676505,-0.9193858750907279,-0.21126855974293543,-0.5500192424309498,0.010787646598693612,0.019216924330598368,-0.09799838146740752,-0.2363743063140118,3.0288728794680314e-15,1,1
36,-9.389363780897947,1.5612371906712472,8.566479791601969,2.821194599022228,4.699218702044376,-5.094528620847035,-1.8064965533631516,2.2383046630727064,4.1733481483629475,-4.517331152464715,2.4973526570958047,-1.1206372630949522,-1.359801874330387,1.127901858395321,-0.2530584550966464,-1.5257954518385277,-0.9067930673463674,0.30143297659290147,-0.49208023562071324,0.26565858313871676,0.022450459326278295,0.1807346131084089,0.4647071327854166,0.31108474101122585,0.41457902491191323,0.16144104117440183,-0.004715324740574007,-0.292639166860031,-0.25106778674931096,-0.0814285691901945,0.0527896499762326,0.0906935389695786,-0.052353229671802594,-0.06779392509912184,0.012601148456682632,-0.029060555478543325,0.05520160645015008,-0.03532279382467916,-0.04320662018656948,-0.014837471464854247,-0.04459182957925727,0.07132239426911431,0.010320762075633151,0.016425190954374704,0.002087017773520572,-0.013226262956691869,-0.009383271115773785,0.016375173158620568,3.028872879468033e-15,1,1
37,-2.1547103415731406,-4.62299110613115,-3.40193726447558,-3.1960589584998,-1.0301295568521467,-2.143479431695574,-2.243618420922997,0.4475402065715563,-1.7657059009843954,-0.11410670770881408,0.9141053358669856,-0.9011875181166255,-0.3996932632728104,0.9663429416434742,0.5693147942365354,-0.9933087098092039,0.34004560783011645,-0.8707280880079509,0.4392771156651035,-1.382770675224454,-0.21641392445388855,1.186947435596462,1.137527547012527,-0.7660128136874413,2.234028674543193,-0.911686506894188,-0.8620006274795206,1.0458679042019041,0.6593560652157728,0.09313912789461735,0.027653851107966834,0.10810777618856021,-0.35523972665597425,0.2684270769529476,2.0152840389219953,-0.05741961028863987,-0.30132720866864043,-1.0760302809788669,-0.6755195219490204,-0.06279805532040736,0.5415536930190434,0.6526954146594157,0.22109248161745687,-0.16884769567369973,0.06792312423613385,0.03188829926202162,0.4580856026183534,0.011848764473913106,3.0288728794680318e-15,1,1
38,-4.459662463666741,0.3913177834827124,-1.0054849702618076,-2.025893776264086,-2.473520335217287,-0.5405176125354089,-0.8223302630681815,0.8408176185454899,-1.153491773368038,0.5649798951734133,0.8802018474596885,0.5437959889851314,-1.7590852067739426,0.01128393783529059,1.616113657450924,-0.07868797943028155,-1.5021959505634586,-1.8435984587760847,-2.727021766099999,1.8423993335427766,-2.2874917854806287,-0.28289908960950366,-0.11455815905979029,0.8534271193316132,-0.0712975761739706,-1.5850400438884962,1.3513103258162287,-0.15801783254245322,0.1356596885455721,-0.883673304011719,-0.8278494248791359,1.5914857636233424,1.2849186066437472,0.1938886177042095,-0.920593660998689,-0.38206524095984284,0.4155533306093606,-0.46990944308891774,-0.1964104247216158,0.5600280688381798,0.20898184509956044,-0.3553840208611656,-0.2525411253163015,0.00668307342768256,-0.21390012998775482,-0.16583232347565333,0.347249506571565,0.0363104210040164,3.028872879468034e-15,1,1
39,-3.4297749462407223,-3.1026500738969967,-1.0609984308149634,-1.8355619151551676,-2.159528658979852,-0.48752424389667154,1.094204454342803,0.5020074226527952,3.8992437403682803,0.022982072105622243,-0.816479840769012,2.1618717218371697,0.6671562228313276,-1.2056340547841708,-0.37230214671354595,-0.21396534446637822,0.9985767759190795,0.776793346511573,-0.3875106024366438,-0.023953080750283465,0.6424405373364976,1.1390963025941707,-0.7356904734982154,-0.8828352913902682,-1.453838609710917,1.1409606540589823,-1.1364305336694933,0.06831265112623883,-0.9888242050806881,-1.044827098034237,0.5907578727209727,-0.17623381381817826,0.9808003581622586,-0.18302875171367344,-0.7417454013981066,0.021049879737323033,0.14428031179622602,-0.11752037478672578,0.5941464663884809,0.5381441362455325,0.9093620208493324,1.0584612436683771,0.251724151131588,-0.08513653662262824,-0.39336254242085444,0.06050674541560757,0.7345406032706345,-0.000810577149773954,3.0288728794680337e-15,1,1
40,-8.47137299378999,-2.8307799098989457,6.640832717035593,-0.8101997666503647,3.207180362382121,-1.1345888861351663,-2.872096690392889,-4.0078940875680935,-3.3256836542790227,1.5593943337007978,1.7872929575071503,6.217515467440698,-0.04263620474323708,-2.1360898586707244,-1.2436412681481452,1.5609660948208888,0.7639497815655739,0.1635325371399501,1.2583696436800744,-0.315162174432865,-0.19553331785775974,-0.008787485868720774,-0.2591593664700944,0.013846908464142466,-0.48807976641097656,-0.6913594513534038,-0.2245175811808531,-0.0690201253260943,0.18236894497901146,0.015898878014793647,-0.26597737915861713,-0.043145264485263166,0.12715219446692436,0.1749678510499024,0.16247885374138618,0.010288915532140076,-0.01112210157516602,0.033865051688486934,-0.05431901756499655,0.04133433473500823,0.013591960816895014,-0.16744038552651863,0.024377420237369062,0.0437118213458134,0.023917436736745432,0.018970042982905364,0.0440993893277644,0.01371749558835515,3.0288728794680326e-15,1,1
41,-3.8321315488186793,-3.066494569523616,-1.9662134823352657,0.4399038720769764,-1.0326027257108725,0.11084148280225604,2.552244432492708,-0.533434958853036,1.938076493390874,0.5993252030375961,0.6955140366272966,0.09061712884359394,-0.25836313434876107,-0.2584048034030444,-0.17434672973346813,-1.1928530063820195,0.5441000457547768,0.5665750363088278,1.7968078351543832,-0.19075818019949928,-0.037355066983060445,-0.820765049799649,-0.32565357605288486,0.4263911233120569,-0.1775575647973416,-0.4672023013175211,0.3772751167841912,-1.3754838194519174,0.1119535665466005,0.40628929242980666,-0.7549954612324883,0.2527380893056112,-0.18715798032106376,1.6312104654193789,-0.6314963147133261,-1.0340823330500895,-0.09619034634983936,-0.46422924875877764,-1.0576134559833346,0.08543351485776049,-0.6514040083862613,0.6419072660595804,0.6165963759792722,1.2801917406044856,0.23431350887848998,0.07532344870749352,-0.14859156967580595,-0.0064587159082753615,3.02887287946803e-15,1,1
42,-7.193881254043619,1.5248091315587924,3.950520990332886,1.8158666304944528,-1.0856976628808974,-0.031181603226996438,-0.46821933726708326,-1.5489548865751173,0.035548790122777806,0.9682818604042112,-2.4423685816422793,-1.3751708950421686,0.0995859378974801,0.22810356636315626,1.0231201530927965,-0.005493877851741724,0.8127442658867546,-1.0750074941469037,-0.8503321565367198,-0.5665357027202521,-1.2123160347926851,1.3200310727772935,-1.294729964018588,-0.4842952306478022,-1.1799306001340448,1.338325911126205,1.1513822642947191,1.6478546211262504,2.795440444984455,-0.5789055286466008,-0.5726979770355798,-0.0707019384302246,0.009630799852333486,-1.0773797208531684,0.24814537736824246,-0.16220842656175566,-0.37319340844819976,0.16039369140424098,0.1649117038189866,-0.3215995829343284,-0.33640241587043296,0.7363804825115325,0.23383673462826796,0.502025886667812,0.030553582822760682,-0.09239303876184742,-0.29226349013869907,0.04596010705938479,3.028872879468027e-15,1,1
43,-3.8935598753354954,-3.9913861144121636,-1.9002240706069742,-0.9888369624599533,-0.8846502374996548,-2.0180798898512253,-1.109310500141534,0.3042569938222531,-3.0303127449287834,0.7198921506912394,0.6559463112536111,-0.9218719541961448,-0.7380300576500366,-0.4711054017476579,1.0969505944916815,-0.8213715905333405,-1.300950506805321,-0.5730642151273103,1.0298271763217486,0.08702303237113002,-0.08724711578038093,1.3713509617495485,1.238041759809379,-1.6685011360747788,1.1869257719377224,0.9587624690893779,-0.37544175340552893,-1.4680463500164227,0.017611884428319367,-1.5068125011396605,-0.1475440596150332,-0.32760464041350607,-1.467074464076998,-0.08139962389301589,-1.521706791118007,-0.29179619526540657,0.6028581630595129,0.9660485865453725,0.7382740701322303,0.15287286673421516,-0.6911521652683745,0.2807412828804259,0.16014114406854957,-0.37427427824865306,-0.06567169036521607,-0.10439229206048924,-0.2567126814285488,-0.017107606352094174,3.028872879468023e-15,1,1
44,-5.491881129026028,-2.1708888794189765,-0.43852758482975696,-0.5989518098678182,-1.1186288034905534,1.0668348275594506,1.5012087613347238,-0.11853308443833373,0.575176331949293,0.8859415474734321,0.5563081597473073,-0.39456254962216863,-0.7704163851571225,-0.5192900395055171,-0.8805051519123326,-2.072203211456039,-0.9930126894555376,1.4392010925558554,2.6221121981348485,-0.21437945354183868,-1.1036641692415612,-0.5448764409092182,1.1162062130002701,1.2337104105563879,0.133887160879754,0.6104425268002355,0.18082208237231684,0.33657366558329016,1.1779583426373794,0.44474379417813936,0.3069234754481271,1.2366455916147177,0.8155209463947518,0.049449433704513684,-0.02087489588555563,0.2347692709477356,1.1720089546584376,0.4439024371087851,0.5586791214057122,-1.2151285878174978,1.4168469359170544,-0.26688291996696367,0.08350248672971317,-0.1939137632745275,0.016759839748861603,0.02568597959153535,-0.371811467672542,-0.10138991857942965,3.0288728794680266e-15,1,1
45,-8.634698258315325,2.397625729148111,6.209805666226617,1.678365619432634,0.3096582725619541,3.1525576543052796,-0.02846443273957279,-1.6674147084315865,-0.4061246180386008,2.07310042097049,-4.31108853909174,-1.640601830088543,0.9485352585585043,-2.163113299883951,3.314974737237569,-2.2858915372010187,-1.6133626773988847,0.15313258745364852,-0.8414704489742766,-0.48417170175376806,0.29248588911964873,0.26092522253234884,0.4767286629359751,-0.15600424017617695,0.8046863740500658,-0.7154244819535107,-1.8819168459136255,-0.9941106478725743,-1.2923894661947815,0.30259068147864293,0.12913780280643547,-0.20106461503618572,0.5356950126625816,0.09768240408081161,0.45290329942101043,0.014484461576036708,-0.12330529257791435,-0.009390656250006197,-0.22500994224699256,-0.04438888311671084,0.133577358799716,-0.18702932539340872,-0.1168159696290418,0.18333442500377822,0.05297781730389168,0.017513093169860272,0.036229053099502855,0.047855850768326394,3.028872879468036e-15,1,1
46,-6.066873617382188,-5.0661625632732985,1.7531463721796996,-0.32829338854103657,0.9389092995773791,1.0092663058036326,1.2340283819139077,-1.006311323845265,0.8781016850976978,1.4500541763715555,-0.5599344246019248,-0.7075699906911327,0.4601211626767457,-0.29689313952148877,1.189048314173477,-0.24366896987097306,-0.00982055324394583,0.4957313101920351,0.4392148001375643,-1.520011064622084,3.0007055606793474,-0.7309349005589855,0.6835544696405398,1.1237251283095193,0.8918545241372752,0.8335776163318681,3.0748643328041476,1.2156579335122204,-0.06335423134614726,0.13664415153527734,0.4358486704599336,0.48746827653856306,-0.514354888016162,0.22853644366859105,-0.6446178446136519,0.2370353061710096,-0.3003388605266345,-0.034539356220763054,-0.501605072729912,0.33881235028426077,-0.4531089001559738,-0.26234496813044206,-0.1851443053670161,-0.6065323857988443,-0.5221925036065789,-0.03641122569219108,0.4993605971392172,0.06541583066888243,3.0288728794680373e-15,1,1
47,-0.8304159771493088,-3.4127081064999505,-1.7438974061360992,-1.479750527603022,-1.247190920082004,-1.8831810113120055,-0.8796861474529055,1.6490422508677285,1.5969704838618701,1.3316685684624177,1.475297694912973,0.5799750166757323,0.9076975353341808,-0.9608771921514786,2.3941394538879743,0.12856200217067693,-0.9336451997492025,-0.991989377217674,1.0595919831035128,0.08865573977528877,0.21368509656888304,-0.20733526442239192,-1.3441845942167956,-1.3072258056034862,-0.816163611035149,1.7106914737714842,0.03228689386321174,0.21202437105009497,-0.6997511966912645,1.1118040403337888,0.5611102497118681,0.9062190407880406,0.19359368845708838,-1.0498077721127954,0.3869880254894968,0.8825045697344276,0.444437037140995,-0.7743205962745526,0.049708761063712456,0.46969046028682354,-0.5255058823328499,-0.827997982286441,0.06476562205863798,0.20937104318130967,1.0372070826168487,0.11910316520786077,-0.17969503414782773,-0.058356307064609925,3.0288728794680294e-15,1,1
48,-1.532888369751914,-2.3489903557883105,-2.8313177876987052,-0.6067365440664167,-0.1793767100863583,-1.377670753458824,0.22818372249243699,0.7700062061182572,0.9905176737433041,1.621928028959946,1.9266209727354553,1.0034161931954009,0.08372955834801982,-1.002327100573454,2.3921188127468103,-0.5887492081171901,-0.8578922511375375,0.560029645765432,-1.042000573709046,1.04145747415699,-0.34832033900270065,-0.27848690990029107,-0.8950474423663433,0.9989593995439578,-1.1248531414682765,-0.8907485821993452,0.7661737251930517,-0.33526620840377974,-0.5451476721726656,0.8788758006580977,-0.2542053970561434,-1.5449399486540405,-0.1048971219039715,0.35179151067374426,0.7477525230555606,0.6716292879966069,-0.6598781480503013,-0.05229720817057035,0.09558248776720357,-0.44029188099537125,-0.09491833022427823,0.9472106940131791,-0.3074621332455357,-0.7247408626161802,-0.5299604563158674,0.012443215601110844,-0.8608127292703737,-0.23809201558789372,3.0288728794680255e-15,1,1
