,pc_1,pc_2,pc_3,pc_4,pc_5,pc_6,pc_7,pc_8,pc_9,pc_10,pc_11,pc_12,pc_13,target
0,-2.967506839505808,-1.832986333560929,0.21209896714948354,0.14446501486092495,0.41189059984749077,-0.3131384809752262,0.6169098027282814,-0.10533083644098065,0.5425220984304753,-0.08624928429113318,0.8596421598648808,0.3870282562605222,-0.1915487629985346,0
1,-2.3765042014073323,-0.17315942240744212,2.3862487934660064,0.14009336632480524,-0.3034476620505361,-0.9849735718040905,0.13536447424604212,-0.7371404319768949,-0.956652738393213,-0.4352160450028651,0.42229693000597746,0.20804883060207746,0.02627311289547073,0
2,-2.098874945900043,-1.2470972985343607,-1.0987360846502947,-0.34126597779219875,-0.48863097716809656,0.09967850897022996,0.3090778225233843,0.5510501227826775,-0.7546972325066681,-0.21837378010532627,-0.1465712257701765,0.05881511363983403,-0.009125607917866478,0
3,-3.0153642774165847,-2.7203286899230537,0.03829742854473893,-0.4735288653843362,-0.2943305432753716,0.18257098021841114,-0.2372623035213725,-0.4239002295716661,-0.13365780595563126,0.620056672668999,0.2308598970573048,-0.15326102098320413,-0.05406322637539155,0
4,-1.0263480611661977,-1.0352345646190486,-1.9823833246753326,0.5381008398640211,0.27126012528500637,-0.5202791886517979,0.3878290302083213,-0.46573294595477943,0.24522124876789902,-0.2530410409110563,0.07279018378237245,-0.09507630507838963,-0.010417950170129758,0
5,-2.6011701142655324,-2.1998935282076753,0.5433459348407907,0.5664358683436176,-0.5521825951644923,0.03221077470005908,0.5201248064801492,-0.2794058130460944,-0.1013305148562225,0.05550437418936427,-0.05791775561044988,-0.25158152717940974,0.20337748556069618,0
6,-2.277629537285679,-1.4579440356264115,0.8449404731024694,0.15692650796847477,-1.1449070994231496,-0.44504251046943505,-0.13514137056818673,0.5226981891665964,-0.2048945253909927,-0.32280102990071996,0.7821314685920103,-0.013459493967311807,-0.12929998415163357,0
7,-1.8244126129779965,-1.874346671996876,-0.14962526095546969,1.03906039906328,0.2943091961574574,-1.1184962514151924,-0.23782994801259216,-0.14208874414704667,0.12641481828588563,0.4000395004398214,0.5434121285734074,0.2758857336461793,0.1403517870995929,0
8,-2.448807522873917,-1.2100721615626242,1.6970955599746802,-0.04530342775362845,-1.0819134957617125,-0.07641685348358021,0.058726687369524196,0.17911315163631336,0.6729273988234361,-0.38965974600653236,0.2158483843997346,-0.4917017014635465,0.09833014339874901,0
9,-2.6895761287479676,-1.034060941638586,0.9882106703846186,-0.2641823434392719,-0.418274999953592,0.5726923652339518,-0.7227825213664999,-0.05091419827760097,-0.03745123956298928,0.15436020810196857,0.16414445585637985,0.44599813414483036,-0.11993278651872112,0
10,-2.970810156200242,-1.5534039786023908,0.2534895255760811,-0.24395102127047108,-0.19990229743828833,-0.3043149558269748,-0.168466018160809,1.018123553363089,0.1665631538473752,0.3472917355178836,-0.6601851564834664,-0.0640342208464673,0.05526297961657176,0
11,-1.7839607468445222,-0.8610293873630025,1.0845789820929588,0.6679752221871936,-0.4718068067907692,-0.0541360975619241,-0.6783409512187901,1.0138815671536305,0.06786302816281252,-0.07995292735034054,0.04538523209037904,-0.13582341181899418,0.21415474798569512,0
12,-2.0029985461563995,-0.8912314553599949,0.725409273248383,0.38168102865925857,-1.1363473197646394,0.015818091780352764,-0.4226032671736476,0.6505918918466875,-0.5489654131457117,-0.2044710362309792,-0.23670169561553586,-0.1181161602754843,0.08623071576510097,0
13,-3.046143809318395,-1.4152358224343171,1.46160514343686,0.4318838715298612,-2.301480580665836,-0.05454440940469371,1.114865979832972,0.025728077632078038,0.025039257451195424,-1.4554845151364093,0.06713940933998688,-0.7157454372008535,-0.06758350451350557,0
14,-3.61018184589919,-2.212577010644863,1.3731629732169992,-0.04473309998419018,-1.2252171994315468,0.0023870327823006126,0.8268471139443708,0.17486464702608998,-0.47467531961234094,-0.8758222626400821,-0.2502368367792084,-0.2015760750863632,-0.25267566392563323,0
15,-2.0986029561750557,-1.85019928909926,-0.1723670625465666,1.2934153545576696,0.001150364044085149,-0.23028122898324452,-0.296569704029285,-0.08778538800837046,-0.32661001399916745,-0.20092046360107807,-0.5726669793645404,0.3565428354888197,-0.01511557493792062,0
16,-1.871736700097867,-2.3954062101312505,-0.8981546175809952,0.8212872943619745,0.14782221140024693,0.06199540858231593,0.10835733558769346,0.2704139604595504,0.47322568025084166,0.060578258227170896,-0.07678282693589551,-0.29685385711784407,0.3224319606546622,0
17,-1.700076765651032,-1.732666729738878,-0.7505485145637426,1.2356485768426695,-0.1322342543101178,0.4776344413266053,0.2674712863474177,-0.16341411296075328,0.3982325840289305,0.20246640474410024,-0.36916172795564317,-0.056512565062140765,0.4541385826489,0
18,-2.8535298205877386,-2.3428226924015854,0.39382006678075016,0.9632656151326454,-0.6895993449600555,0.33803991902407293,0.05799814571286989,0.061535833508366757,-0.11260008192804719,0.18655395691758803,-0.7023436613461838,0.11569380037502196,0.3225359186313529,0
19,-2.1813048155792303,-1.4942173196498383,0.16758015066923757,-0.9164303189934399,0.8779193519920548,-1.2715144976880517,-0.654825284052678,-0.475104097896221,-0.24172550475250643,-0.7421747697012112,0.20318409789655012,0.17238651087244153,-0.16500324301291655,0
20,-2.931466929030984,-1.2147718949448858,0.4444109275267707,-0.1809822670885644,0.7281904797504951,-0.13764812863359735,0.3305922717319764,-0.4763289971958596,0.9801537779800824,-0.10299923548307174,0.4204355235563556,0.44492282973655983,-0.2781745949578338,0
21,-1.2109335916951223,-0.557811159445905,-1.115550169213909,-0.8364528020920434,0.03455108174021553,-1.1913661693884747,-0.2174697196177373,0.21615991195754378,-0.49692712360814184,-0.5088015318503197,-0.06082769563117873,0.4610499389288786,-0.2961442141633696,0
22,-2.3807704259551294,-0.34296126125867976,0.29317881486398123,0.15644263336229322,-0.3757355875163242,-0.7763415452757474,-0.3078387983218424,0.2831098836905234,0.028686512559826464,0.1572077049433191,0.5862196711453868,0.1649756885231178,0.004313328642887252,0
23,-1.7280920932547934,0.17380096637380618,-0.11126930072266186,0.49993698571678796,-0.1348044786737824,-0.32222747472159446,-0.7688499229764078,0.27147297018243916,-0.8149927546393589,0.13253389761702414,0.3601421708666482,0.23260659541532017,-0.14657849140069293,0
24,-1.747965521079398,0.007885066536798992,-0.875748133672383,0.36322542210414943,-0.411519385553376,-0.475414355514442,-0.8354876734369517,0.4315786005735431,0.12169062333059256,0.03953562556360168,0.5198844462695832,0.053252362384851995,-0.12726001955530525,0
25,-1.0521707897287886,-0.9334515664701863,-3.2838463559844273,1.5225197927130374,0.4948452484029299,-0.31870272873677646,0.44227026699628824,-0.002857149616206008,0.2224021758159446,-0.030729914001783105,0.4317333409224609,-0.09724850881393314,0.01989460876287202,0
26,-1.640963923747822,-0.8685704500133206,0.06130436019325723,0.530344676459793,-1.026738951364089,-0.19112063733096837,-0.4500795295971196,-0.3430568521209203,-0.9842996606649517,0.02246566544400692,0.5185961234399541,-0.20109149329795778,0.25082298760236016,0
27,-1.3227686423315617,-0.11619964385883276,1.243269135436223,0.24539012380734498,-0.25038466778402624,-0.3266253726998499,-0.39364200677346123,0.5687716940025389,-0.4908470830150861,0.6795970600328602,-0.06064896154804622,-0.33433832442144706,0.35687954262094,0
28,-2.0082652570567987,-1.0039696678695258,-1.2761862258234806,1.0828979647756065,-0.547871725305984,-0.43636612748481285,-0.141216800840101,-0.05375965022465063,0.41836999479399745,-0.22563149812358252,0.10715995200768347,-0.025594495964923743,-0.14449204236946744,0
29,-2.253633579114784,-0.578182419190399,0.9737477258699775,-0.2696634164463351,-0.6800590914844286,-0.16216262317057464,-0.22695814667929157,0.48202437152689387,0.19915141672884487,0.18249386748308627,0.47547721492112427,0.021962595088504105,-0.2648193972840311,0
30,-2.1823378338603066,-1.3324454090425135,-1.3077201754468042,0.6392884238596834,-0.3473769622658072,0.8145797718753066,-0.45351893516704517,0.892123554344911,0.07151330741776708,0.25370191366450867,-0.551820940130285,-0.40889947811565164,0.1066068016516788,0
31,-2.4038209766312244,-1.5478290346309946,0.18429327675836435,0.05882139721550244,0.2266113498459659,0.414855822050265,-0.49315032821688276,0.6672436295462489,-0.30029577960671044,0.6042458213311865,-0.5858020253815333,0.09112631030115018,0.2537337526936688,0
32,-1.6488651348717136,-0.3874936805736862,0.07115904997904933,0.8258172557035246,-0.5942167394704203,-0.3591630438902472,0.8174256572797965,0.48459159810247304,0.37276501780933813,-0.1811428687376917,0.05228413504989307,-0.2205103239459716,0.2334555642403614,0
33,-1.7622668077025743,-1.770462124558212,-0.9171567128650588,2.297601146778855,0.30650465914633224,-0.2972988320732453,0.7551137993558417,-0.48772651152206054,0.5032857914000011,0.5427958567392414,0.03604449617011795,0.15590706782932057,0.23482722760216487,0
34,-1.448342840742744,-0.9617803713003026,-0.49877988290152264,0.8896813816683576,0.3831348744252661,-0.3915374562471909,-0.3413701209546232,0.4015623927273567,-0.11108175373423378,-0.08967660284721571,0.21104760020926794,-0.1916524307213261,0.1978416523489107,0
35,-1.8474978115236724,-0.5116077555631826,-0.5172674919796443,-0.1654038275670607,-0.16717841297235192,0.12035945856549554,-0.5896562022090669,0.3556571518474155,0.21098249729178356,0.42386917394086776,0.04007857303755531,0.2884275368175522,0.0998175605522623,0
36,-1.4913955682762792,-0.9316232940248209,-0.24692101029444155,1.307388922922855,0.10040471466042693,-0.359073997677697,-0.10881429275018535,-0.7093791612641676,-0.5404613092856241,-0.9219659237400621,0.3816276262790889,-0.1537949324302528,-0.0260036204742256,0
37,-1.2348135605925492,-0.36649018322538185,0.005430673207398112,0.8641424542051968,-0.015178200057287804,-0.06713244825282795,-0.4737690658431435,0.3203105599377705,-0.6753339400423242,-0.13675511265513765,-0.2591391017275225,-0.3813225715172419,0.19517073693384598,0
38,-1.6847752040979127,0.4301023193086786,1.475655541439505,0.5371044933067779,0.016410945757983353,-0.2956954459978867,-0.006343213917206603,0.21258512608888258,-0.2823803089879379,0.10735863276351448,-0.24866136748437664,-0.19302516198167435,0.3781907041292687,0
39,-2.5033613367639553,-2.1609858851590276,0.36651790143943624,-1.377390355104497,0.7043762397699734,-1.711496508529328,0.3333129065966374,-0.9933249564127221,0.25356499874909355,-1.027635851483609,0.5924120747463206,0.015284684156638126,-0.37316521530315805,0
40,-2.3392888010571946,-1.088503931571712,0.08689935758683966,-0.2738025338900289,-0.010950091391454156,0.35395523124177763,0.9458865132289527,-0.746086469679413,0.39476793197872295,0.02190114345941677,0.3761606518514807,0.34233777731936027,-0.050036126804433784,0
41,-0.7725012175362218,-0.35076029341786086,0.4473554616716954,-1.1768231518355403,-0.7602004578615627,-1.1676068330327825,-0.3927641526373305,0.4430750163298216,-0.1924158636819472,0.7150779495853087,-0.4200798409698673,-0.014526732367549465,0.6409996860741537,0
42,-2.8525027496047386,-1.4974730848603048,0.42997628056893095,-0.6662700247871937,-0.042845715345995426,-0.3130722458943239,-1.2830282826752304,-0.4940993683837503,-0.6730792285276072,-0.3070440857927103,0.5347493108428497,-0.23089164768003442,-0.10468023032395454,0
43,-0.608847338041194,-0.5363455978227429,-0.14431458766154062,-1.2409851093516997,-0.2853881342414942,-1.0909625087140145,0.36196104710158095,-0.6218187010326159,0.03278304521197121,0.04640898727862518,0.06636709134468709,0.04113239946515998,0.31038885451373777,0
44,-2.0188384537773683,-0.28370856941246114,0.5602365101115516,-0.779053445900959,0.12339481292034517,0.2535960085546472,0.49466282505125947,-0.40116816809837735,-0.08657874183404396,0.6897261471245248,0.2148634950206415,0.21645406379925403,0.1636775634580521,0
45,-1.0508941803131706,-1.9491519037770548,-0.2796662794937048,-0.4275233863826875,-0.27762080318820154,-1.583102395534632,-0.37499894713460985,-0.4291168747004515,0.35289319788967416,0.7216020676126262,0.10699748269772198,0.07801170692528608,0.4098999544875971,0
46,-2.4239660859999654,-1.5016139358716678,0.2966168836844459,-1.0395288120090818,-0.9338962820466179,-1.230443842552314,0.2012155361804077,0.0271809185519845,0.40163309255778473,0.08295635286844434,-0.20112138768806584,-0.22165149950460314,-0.029702290606735866,0
47,-2.651756930717356,-0.9647186847628861,1.0949939177996568,-1.0532087926886473,-0.21409030438991958,0.36754300724719957,-0.3029702081670522,-0.09396343268041873,0.18069207627273298,0.3246961782404653,0.14082574442433077,0.054639153455961015,0.08256647699763593,0
48,-1.8259101298375973,-1.472095177466667,-0.1739819433812315,-0.08910458605984373,-0.5979400949997073,0.2962285375208782,0.2419469726686462,0.5310066873074918,0.4814502985560902,0.0013959262618719267,-0.2871355320686402,-0.13326305150436435,0.12885473324843374,0
49,-2.381958723106512,-1.7779107556623448,0.4664395334425061,0.19512310983811515,-0.49870868513002276,0.4772508358223515,0.3487159850563233,0.18563907225862541,0.268597271797802,0.3449256996265902,-0.46343234789583815,0.6536992381310657,0.30330976016355166,0
50,-3.1626622592716607,-0.508363837834104,2.1620789764879778,-1.364533735006817,-0.2603603484749331,0.4972953950616433,0.16324194642459364,0.5609952759145035,-1.0836505222212947,-0.7705666859494458,-0.6828155398422439,0.31689428833693434,-0.26995630391159314,0
51,-2.6418667524686157,-1.0599495638795597,-0.019595474686292236,0.19195177475123282,-0.5385509564879489,0.06616298696688595,-0.7920816892565791,1.1594036363175904,-0.38608827266706464,-0.5566770562569422,-0.024483858090764504,0.14580403822296076,-0.20208570350352822,0
52,-2.9793406123289534,-1.8197177123743467,0.6422343552193504,0.21814396332315475,-0.6033393103806047,0.010770049685289626,0.4601056125274536,-1.1152381238442928,-0.3349264637377416,0.03434846314624828,-0.014570429572318787,0.012435722291363426,-0.041192798365952805,0
53,-1.9773229552085916,-2.0032553509816937,-0.3719021826277101,1.2204695714065275,-0.3149308932177355,-0.25153921435385407,0.42925107462856876,-0.22021734897309492,-0.25166858087262844,0.07995333427432462,-0.09945723842387988,0.011980071348266341,0.05952219030206902,0
54,-2.174710573384348,-1.359732155755919,0.9198422907111751,-0.254403130273351,0.890768319578878,-0.07944893629100427,-0.276086193220561,-0.14872498431808276,0.12495465388872498,0.299700245698377,0.3951742445920576,0.26401741287667824,0.21491227732915538,0
55,-2.3503029982986376,-1.5660227719820214,-0.5765504564031358,-0.49797847866321443,0.8807271315793131,0.5578871932177636,-0.314764021739649,0.4664953442852382,0.11143407397346324,0.45032297384636333,-0.15367449260570082,-0.019860001792384507,-0.1768813053860846,0
56,-2.5512180467835233,-1.7256641797368586,0.5352374711526261,-0.29328486742560367,0.19579287696979822,0.13825438378409138,0.18738102362187584,-0.4843623835618934,0.6086085522322799,0.24780594518491925,0.3751028326617665,0.06675361606119945,-0.10468387500374944,0
57,-1.939277940265073,-1.3943022497783135,-0.290081441389015,0.6099306468045456,-0.45385341153319786,-0.10635809664610478,-0.19508194848952365,-0.22257635469770523,-0.87562416827935,-0.16978216099317897,-0.3052596677056085,-0.07545463376904021,0.17776212264549052,0
58,-2.826453537019804,-1.8373760966471355,0.30786879872639006,-0.3576617160823247,0.3455192426151726,0.7341275250844178,-0.7243361239890261,-0.25905285914780996,-0.5391737546730959,0.1336064417954422,0.02725106374957829,-0.3775745848173772,0.0936855401721667,0
59,0.8590156826931273,3.509010862667619,6.177180816404923,0.940039421394765,0.7116079818156094,-0.8209374518955914,-0.048978212375576965,-1.1318490135861916,0.026924008891256578,0.772288189993744,-0.07523445096845066,-0.8589997049169711,-0.4450965123184864,1
60,1.4915111981520686,1.3242444420819508,1.70463806104256,3.5254815369310313,0.19231973904174077,-0.4385361686286634,0.05070793412452282,-1.3810928165614624,-0.31546869167506786,0.12329806807662043,-0.48489028778033527,-0.38138618310427347,0.326574003911366,1
61,1.7186229838563931,0.8632573999389792,1.9474686102927659,1.5329547366431884,0.14744744512781968,0.5341303462764208,0.26284153540812943,-1.5229832508110746,0.5176660433818524,-0.043501683723962674,-0.6959425463749275,0.2139500678359608,0.5467524515301676,1
62,-0.2253323139495799,1.0985137736110917,2.0572969309820897,1.2111511245405269,-0.07412817628607031,-0.24823280088191269,-0.8934755311662936,-0.13077430757971426,1.2399755905265137,0.5302128681420796,-0.32291507790657187,0.08182170117760462,0.40758666433188195,1
63,-2.144957089262657,1.8803564722019015,0.14248845473531202,-0.7180165315704999,0.11014100061130126,1.2510269932036462,-1.0518109338611181,-0.6585955811010846,0.24438433521556902,-0.21725991112871781,-1.001910939325159,0.0297910641851569,-0.5523195763729389,1
64,0.4275849013770755,1.954652453346859,-0.5036912713483541,1.9048002481201023,0.6626895537315806,-0.2278858298195886,0.2219297886245841,-0.5748533258185348,0.5091183125254607,-1.2187468037436153,-0.40562163501464854,0.23794775206161323,-0.13205924718752274,1
65,-1.121318894035978,0.5719114530065946,-0.5083047013055958,0.8705407738499642,0.012254663955210457,1.0897240501722094,0.4506113522157359,0.019049690099073303,-0.5027583406534286,-0.8694500137446284,-0.3884876616779558,-0.1053207214426021,-0.02748839623365991,1
66,-2.353167650131568,1.8948158799702555,2.308973993141443,-1.2141383044619118,-1.3135614201576176,1.4890773077807267,0.0020243659231729506,-0.15506204462359188,0.6605741462540053,0.033750563784403,-0.4302699903103012,0.41206112682315665,-0.15278252293527578,1
67,-0.47628673605881483,2.3803247863329724,1.2583224913898428,-0.027953423789821717,-0.5802090215855353,0.640659605251989,-1.2714482378969456,0.09562435767173573,0.1506504031580362,0.6481766522826937,-0.23682916453961053,1.1868834630112348,0.0238706598066878,1
68,0.7518736689517784,0.301083343890227,1.4085265919437873,3.2974479907550958,0.3157676040526845,-0.28546460364618254,-0.4566242229420274,-1.7571739031117022,0.3961786074346687,0.704323384130366,0.37453153202097633,-0.8837459667284376,0.397593215170801,1
69,-2.350979776808041,1.1664002125410815,1.7303628592606646,-0.5468198167565833,3.9758527863512625,-0.11459231845460227,1.3115156594139943,1.1679542788306378,0.6811396135585636,0.4368159027957934,0.10677882411365157,0.46491601090259344,-0.8805491906833326,1
70,1.6173769706408305,0.7987004699422894,0.6562999469297652,0.7577834803552401,1.2720399781849416,0.22504103063433367,0.66038221236376,1.8038637453041677,-0.500042993921686,-0.11039296296935278,0.48566196531214056,-0.20499640793959176,0.5604952771181041,1
71,-1.6978653569215756,0.9787276038117315,-1.733637987452908,-0.06610271067759699,-0.45975805453562224,0.4050707683731058,-2.014633178569471,0.397667683375998,1.5447037440319262,-0.6023785695625996,-0.41918240061254397,-0.4055575845456969,-0.5714178439367248,1
72,0.460649499554087,1.0966870703307885,-0.051584690350352444,0.019595204961415036,-0.10714219142463165,0.11943554278398724,-1.6757619059783604,0.42921493887749745,1.1875159004955052,0.29536891756930034,0.17900470210109432,0.19605461446026137,0.3089247611580079,1
73,-2.5132648245184197,-0.49296538008719154,-2.6421244832032027,0.6284083758538054,2.249490016573871,-0.1488169460758641,-0.4158765707433933,0.5453543025303028,0.9792564533020287,1.5197230804693251,-0.5435209580748384,-0.10732943606161804,-0.1574147551307215,1
74,-2.3283546051000386,1.128207218706459,-0.20666362433658664,-0.5243730363747381,1.6994299924616207,0.7405730209086815,-1.4967688065920082,0.02683548844102514,-1.0039259583528524,1.066808728110117,-0.28581603062724875,-0.5301983741718125,-0.6165300886691846,1
75,0.6245377261907744,2.31321331295712,1.6188472892303194,0.22263668221190924,0.8150595105347169,-0.2228312776997887,0.7277823424175162,-0.09955085964387207,-0.17656227937170604,-0.6961782995932848,-0.8385081277755365,0.8000027005587484,0.14201276174703933,1
76,-0.8641708526139361,2.237001695130952,2.6990587459271844,-0.33646975767707366,0.05556054086348758,1.2280277018029504,-0.3968717280395234,0.18883268081331375,1.1713319808844755,-0.4108549066104316,-0.33694128576169446,0.519018756200813,-0.03644127675850796,1
77,1.2170604616534817,1.4222875087105278,0.13556791142404367,0.4721806570715318,1.11418813613655,-1.4109490122220791,0.9076563659490067,-0.6047692540236397,-0.30121080589346844,-0.036201277669591435,0.20416460623440627,0.36181686520574885,0.21293337497343862,1
78,-1.515628822017657,0.6351950189273659,1.4360466418368252,0.42693950357339155,2.076497550738781,0.8662521772841097,2.5845463888481337,0.3710792416680609,0.14934459289268623,-0.28984670778223476,0.5452725015821364,-0.08104428967194142,-0.02259316733620889,1
79,-0.5489750844855511,1.135403070008196,-1.9906711982619738,-0.4771517495977979,-0.3935760707067934,-1.2155800020196192,0.7534389867202714,-0.2221820410753669,0.8435165675814855,0.11286599614085244,-0.5888644540552243,-0.12816747081064608,-0.03301156889053524,1
80,-1.0432755460513785,3.7703328851654816,0.4417901030674385,0.2970147556449897,0.0985835580980375,0.7588850405837604,-0.3443501205130435,-0.45107528288510873,0.8630652529587955,-0.3514276938245662,-0.24198420410907942,0.36259544133200844,-0.40700449623724166,1
81,-1.2269367005865417,1.1468942045272001,0.25150605413645055,-0.35232750761059217,-0.4238775519823248,0.014983717079941263,-0.5020560640311165,0.7159208462406585,-0.18512934337773268,-0.09335978584627429,-0.2952273485189665,0.3445285281680349,0.07085731748004861,1
82,0.032025845455622586,2.63006638103249,-1.1242796022349133,1.4375838823447857,-0.6620653860571387,0.4977028253978423,-0.7557499222878,1.092450628627387,-0.3639819816168199,0.1202616515613806,-0.0836636438276838,-0.382959338653478,-0.16351991725299334,1
83,2.1365454518347637,0.23398672056096656,-0.7219032291616407,-0.48718765548748655,-1.3730464666370414,-0.1489231549733064,0.7041914357163698,0.5127011355571744,0.4532965475910866,-0.2944871392936269,-0.3108994196459853,0.1188460953194785,0.6474156470933514,1
84,-1.2252631303452999,1.597786235608597,-0.5555955714936274,-0.4757032450763214,0.899816235806249,1.5079724575012798,-0.4746184469838935,-0.019683914917739152,-1.1779672175474285,-0.7553360810897067,1.335933609649924,-0.24831503568542354,-0.4076291779051473,1
85,-1.1973695358352405,2.0559848630770157,0.33559951045323205,0.8166822814821278,0.5185457160475158,0.31046977511226037,-0.2035327031044695,-0.08743376830187086,0.6103167488431258,-0.38399387085984754,0.5616381663370276,0.056278852329997506,-0.3931488831755294,1
86,0.4647405004616699,2.3148387613028385,-0.767909322634075,0.9416537677401319,0.02278738622953034,0.14363321382892819,0.28772887187754803,0.9002203923685096,0.34345694576506447,-0.3165077931603173,-0.5093136846593023,-0.18381789179943123,0.12277449429957625,1
87,0.22434142616090524,2.3949784807600047,-2.009135165520591,1.2563981082027091,-0.002427121752786435,-0.1400255734595434,-0.4989875629899485,0.8323197585851929,-0.3918969954990618,0.19476476051839434,-0.2859200560702743,0.5347702314807438,-0.2505277080602981,1
88,0.7264975445601082,1.8930221260678881,-1.0371249715147606,0.5970699534269139,-0.6101390189703794,-0.15430325028411407,0.16457608360643722,0.363366907434656,-1.1366283713782641,0.25748775725428735,0.018142966223114267,0.10506647441493489,0.2450387691880839,1
89,0.1118071069544983,3.1785529702531887,-0.8264135739737768,0.5727522980629002,-1.4247964309445504,0.19856692968961734,-0.7885138443602765,0.8908336222209401,-0.5095973346747987,0.8060250860448211,0.40053874524742283,-0.5882097090922622,-0.029932238371574268,1
90,0.9874051215081281,2.363944303931466,-0.10809360820806024,0.5202688582873269,-0.8449148437069087,0.016700519644657533,0.6917884379265534,0.6590225634473201,-0.40485991287706313,-0.8881212798401023,0.20511650300028442,-0.26521241422405384,0.1267108343742473,1
91,1.2646949646048062,1.980120952250013,-0.7691484521532796,0.7099688460985007,-0.36708230824692645,0.6775596838690987,0.3264745208404388,0.8579316550326893,-0.14198398434418008,-0.5220268521883303,0.41012104179725,0.6973920713145817,-0.15765374405453636,1
92,1.5982618068039685,1.7982013057922122,0.04014213841035724,0.6141545970892692,-1.0590868183392632,0.7248230775388991,0.5065303824071724,1.0710842748923033,0.25341891215551304,-0.6273865531795798,0.4695952385153628,-0.1985137800972021,0.525249904945526,1
93,-0.857205728625228,2.634859333851695,-0.5027627941903561,-1.435442593016191,-0.06404311610531169,-0.917928950460686,-0.08621559191693406,-0.30170572522923883,0.4450586971287778,-0.9963345854126049,-0.12997024627348192,-0.04555950768127707,-0.5800473978992368,1
94,-1.231729413843741,2.208611738069325,-0.18449436354674145,-0.9014433569276205,1.2869458259872728,-0.29323599129264893,-0.9286330570970819,-1.1834738904484745,-0.35470159709422644,-0.5309581455001335,-0.8566984623805061,0.24427265778769888,-0.7556470041622145,1
95,-2.299065070393747,-0.154486969315526,-0.6406335668095227,0.3927619313617166,2.8063274396442224,-0.02336448141953833,2.658819934998515,0.4680582110354978,0.4990180367035751,0.4344700500877884,0.2006440596977167,-0.5305779387016576,-0.09143528360187927,1
96,0.15250828897781757,0.35547937974676835,-1.0817501403539296,-0.11620111064896058,3.866146172860045,-0.6793247850199402,-0.5917021363615534,0.7887045361716566,-0.7480907283111555,-0.6553954671972531,0.364348560401507,-0.4065007903000254,-0.78259334136428,1
97,-1.307238601874966,2.574411709021808,1.057106471304637,-0.4112560328097395,-0.3614383089836399,0.30491081616636806,0.17752394119635018,-0.26327262405664026,0.13945980697258215,-0.543620961661815,-0.46493101075240373,-0.09715256181386256,-0.1852994291053354,1
98,-2.2031153282689364,1.3364998827065135,0.38540428138367744,-0.5457629100687441,-0.21970431138819219,1.4408762604813434,-0.44903148964605727,-0.5344155724223145,-0.317829277559285,0.41486631006551544,-0.6869200301748285,-0.22782085294758217,0.12412327680288082,1
99,-1.2489030917500217,2.268683065835832,-0.9778277628137866,-0.7291274813250493,-1.1326636420512826,-0.7627064474539142,1.4966556298616538,-0.03438306026988913,0.3974241995100998,-0.8842397216755732,-0.9938225277728194,-0.33964885768332886,-0.21661810862066316,1
100,-1.1073377297089324,2.067517171617426,1.6701278480338406,-0.5562857283378868,0.5563484502829232,-0.636730432328921,0.5107221158912416,0.3945942481461572,0.052313166747259006,0.8810060982827057,-1.0210838483141529,0.6184836612834577,0.2617450289747011,1
101,0.21788405884240789,2.376706737767233,1.5142288365807703,-0.000659920266659264,0.3366829442426624,-0.02057994921355364,-0.16469214342998362,1.185915103997189,0.3400264617125574,0.12296253618112507,0.6017600684301142,0.14478392293187953,0.1660667373903556,1
102,0.02373019664016194,1.2472448204942224,-1.2118130847663238,-0.5631957665917036,0.13674910037649327,-0.5580690485427174,-0.29886582910175735,-0.9731459678091534,-0.06421517298601544,0.2797266239098634,0.7042378597702438,0.033414387968481764,0.007964442124371406,1
103,0.27492403629059564,3.092755367127001,0.5687758171458664,-0.6182515857524419,-0.08723433913478698,0.13094060994058804,0.4827490549103747,-0.42610489671684804,0.06676298071501235,0.6785317157657932,-0.2274589908803656,-0.6164322741013841,0.04426940457202552,1
104,-0.6504161414559616,1.9789646099171194,0.4016964479671454,-0.35532311091951485,-0.5268197521028619,-0.1586284879887007,-0.23732845053359602,0.5991978837733362,0.07941402214323072,0.9929972870313757,0.1557935258550349,0.36831842180164764,0.09792342503310822,1
105,1.4334811801795875,2.139496367634436,-1.1134293310443366,-0.1403628545046474,-0.9067746342014819,-0.4358591328367942,0.8333529056361588,-0.2881084017490077,0.7739053194477163,-0.09841821750895999,1.0108333916692382,0.7111927209998199,0.4508351117438592,1
106,0.1395074139384201,2.1737892059630535,0.32493436410586835,-0.34880097689495365,-0.7740185519481043,0.2144376705663997,-0.029498656243833847,0.7015920869413887,-0.23031920546853482,-0.24872703541815666,0.3985848083254358,0.7322005036165342,0.2934161475905936,1
107,1.3769148777203504,1.5250317863337284,-0.40548840457893814,0.07407067431193678,-0.6485392499032933,0.568215036357931,0.14098110968696706,1.041707604341017,0.37375141199914574,-0.33867577755046285,0.6691039388062408,0.19527672293411855,0.70095779297119,1
108,-0.32068437867292227,2.702098434141012,0.24846316491428064,-0.9364890994183162,-0.0903538907238328,0.9643003649310082,0.8575866753109668,-0.5540699356117974,0.7313032619852203,0.12297777031174921,0.7008118339426586,0.03007494327928098,-0.09866344285689733,1
109,-1.633094346545861,1.5367444828101506,-1.7280412545722497,-0.1308528997174505,0.28639556146194184,0.7264393458148682,0.060242603450255304,0.011513377865184212,-1.407733422497678,-0.24883549937143243,0.49021012483425214,-0.37170345664433135,-0.17944936102729092,1
110,-1.1869627985831264,1.4991549015770143,-0.3472160513339006,-3.242738178335085,1.0568102482377413,-0.08364348096882836,1.8230460599843217,-0.26147808144506113,-0.5351312676785093,0.9952517724066399,-0.6448253301231216,-0.345863018203533,0.008542598631833206,1
111,0.06959840159334962,2.409687264678377,-0.39817457066050715,-1.1046237094614846,0.13443047926960128,-0.6568421127334071,-0.8603913857845721,-0.7386472153124297,0.6346525192432066,0.045921560977607113,0.06650089256432058,-0.6242761971177758,0.16038971656818657,1
112,0.9695680390588283,0.7246988518960334,-1.7101063264893472,1.8604958950381207,0.030887480060342396,-0.9333647310522323,0.5959844799356603,-0.3515072126253704,-0.9278738186276889,-0.9290717389029727,-0.3131061336338631,0.7443064572532916,0.39369957853798154,1
113,-0.1252733844895952,2.6691703543770693,-0.8538023265612503,1.3681243151100795,0.13756659907527827,1.7906325918524708,-0.11678052175881244,-0.5975287823956736,-0.6682327010354567,-0.27293169656601307,-0.08179538396040359,-0.24921466551197496,-0.17032548850446108,1
114,0.2670886010689244,2.29390612537332,-1.2373222919648514,0.5879809317661442,-0.6588712693225633,0.4116525891263679,-0.8547407247477545,-1.0440379618124884,-0.07210941005467114,0.2595718304730686,0.45548343762774335,0.15051203135631402,0.1493563166569018,1
115,-0.687340688448298,4.070631712174455,-1.29424513614448,0.908587609016178,-0.46909914692722826,0.13670965734066573,1.2120774127263128,0.2983130333765217,-0.22145988380489465,-0.16186851643515926,-1.1327267200147422,0.14072770636408014,-0.3385551428374854,1
116,-0.14010140532193047,3.117081254128321,0.17794955068170218,-0.5153109620418335,0.2352338085447613,0.037130266909938404,-0.10549897883466011,0.5055267107646917,-0.18229679468200927,0.73155064184469,0.5969396527866347,0.003880992055630554,-0.03796910774683224,1
117,-0.17942229778216645,2.284543735108151,-0.8351321699692261,-0.008475933151694537,1.101492904751181,-0.12591821729395425,0.37282949093682366,-0.039840234194735306,1.195496995204739,0.0021305051280250246,0.5168705435825194,-0.024299463042345152,0.13316612200432698,1
118,2.3957668488596564,1.512602453192399,1.7232370272031998,-0.9510062477686866,-0.9612350097981391,-0.957420204602942,-0.08796097560925069,-0.7799963722118178,0.04404017979843059,-0.40288864260919527,0.3694094411883064,-0.024491970003130466,0.5242518080923179,1
119,0.1357248928684017,2.7847880454028324,-0.11806863063435905,-1.211604966486925,-0.2848535096209643,-1.5521867976062387,0.9689002176693671,0.6840152413727505,-0.3469334937237977,0.4297852002337883,0.4306238154996389,-0.7746197313361447,0.1890610603562813,1
120,-0.7668596902964756,1.3242265950439411,-1.3255406911501777,-0.9756177725767726,0.17245944311391576,-0.05175322133962012,0.298050734808141,-0.7958018951549843,-1.372062881283329,0.5091332015336768,0.1693236004746,0.1670106833769993,0.1374473476370156,1
121,-0.8065408777071481,0.02202131313045878,-4.4318623219150055,0.46614959877682055,0.6403520729348977,0.8365328986590147,0.25003585049994353,-1.5574901597453978,-0.4052145071733308,0.13124023067049148,-0.07465218417268954,1.2695909370430687,0.4602569647293175,1
122,0.7826046346850817,1.2517517187506728,-3.1006609010172186,-0.6397675166986501,0.12459794729757358,-1.3509371905007699,0.25455523930936597,-0.19525030197824278,0.6021607222797585,-0.15057619702011765,0.32555796098755496,-0.17962597787564202,0.1469607638816054,1
123,0.19857176802140344,1.133215538604948,-0.9886994640506016,-2.8371070245963352,-0.8758365144217515,-1.2829370300009624,-0.005281950497632013,-0.3416594203042829,0.7090781804917848,0.190009116247621,0.04413900429044274,-0.42271114609661165,0.37208022600278684,1
124,-0.807469472128519,1.7563309154071853,-1.8232229965387388,-3.2071304921800414,-0.391805969026353,-0.44550570674884277,-0.3664133257369702,-0.2478282029885869,-0.7359003424628171,-0.33774057818171827,0.04899998634569665,-0.07966145737752439,-0.2390444292334438,1
125,-0.00358206333082689,2.3647177915969353,-0.6592773973849851,-0.8578427631060809,-0.5861958035988272,-0.0932355300536924,-0.23020192708797227,-0.8935775519580462,0.058447991371591956,0.42536096250431327,0.20585098005098415,0.17677245441449707,0.34671780908843236,1
126,0.006056518639339717,1.525453847574439,-0.8919283173943687,-1.0792581653022004,-0.7078442505632204,1.3298548922267437,-0.17805013609962975,-1.1491236408524532,0.22892883041059908,0.12984113636261466,0.6078385483520586,-0.059282907920171,0.4943355480184152,1
127,1.084443316269362,1.5409945219789059,-3.055156134813763,0.5711227345775549,-0.33643244148476614,0.557646224074476,0.3761485056151901,0.10686206153550448,-0.1669323296511724,0.04203184126205702,-0.15053342183348237,-0.08431018112506283,0.44814176204579903,1
128,0.22045167379756353,2.481249072900486,-1.4774589367684747,-0.5181738138457488,-0.23820282265701018,0.5970108886479941,0.03072592505430436,-0.0026350127519951857,0.7402516964747992,0.05775941789052057,0.5403460215744549,-0.4849797077226849,0.36428881646120714,1
129,1.3808134154095146,1.4613955945457953,-1.123023065171983,-0.9785455530259413,-0.9794495631550084,-1.0249768538595507,-0.07447466023941399,0.0623279550943883,-0.8691239070458857,0.3108046527010706,-0.11652119290998873,-0.3609668629122373,0.461590496147001,1
130,1.3552856065222474,-0.39931611643567444,1.4266084644114487,0.5349061389904964,2.773592673676354,0.5696601549544442,-0.5604774090476012,-0.09424170305759785,-0.014614221145682487,-0.6912710354338942,0.16643496688980908,-0.9660987812784543,0.5301342214968107,2
131,2.5872524603884517,-0.5207890038849202,0.7333422609440562,-0.2815108229696704,1.5838207385004095,-0.2993616882547025,-1.0193913983710292,0.11881035854874641,-0.0597213812029524,-0.8830493273125067,-0.314971441044934,-0.12277904013123755,0.6956521449030872,2
132,3.2892343257311607,-0.35401684288528495,0.3461409237586564,-0.09413683037088992,1.4262848199304816,0.5345597308133366,-1.2845574766894625,0.6378501915009623,-0.00939207561113812,-0.3394861092339156,-0.05983438415269085,-0.09733413916750565,0.9504182112278593,2
133,2.10595380892615,-0.591507451732372,0.5238169337103177,-0.7770351821138062,2.109366679350957,-0.4967366352052175,-1.4603265478488086,0.033510294797531696,-0.21567993821081793,-0.380571388445965,-1.1943168534176802,-0.6948565841783164,0.42123539651695807,2
134,2.2749941004339247,0.4172759582982426,1.2683868388763238,0.9531535391345896,-0.8334863256591037,1.5563817069673553,0.6937580044301654,-0.2467687440523855,-0.711359188752461,0.07240600133802728,0.10772196916459023,-0.7371727860890951,-0.6720883361047268,2
135,3.0830631839943403,-0.4141028992606018,1.1534459325215967,0.6547475709384024,-0.46870696484902247,0.36378431979023806,0.8281111001323934,-0.2479604398961709,-0.4962371430070644,0.271928522344403,-0.22665313247452465,0.19593489313688842,0.002923341551491852,2
136,4.294189372305876,-0.09169651898611264,-0.0051570283802828635,0.5449622385023066,-0.078625383367072,-1.0557156803530094,0.1645533820050089,0.4435071047226826,-1.1367255619349772,-0.1726939147760446,-0.5750977453520566,-0.8197347341084071,-0.05927496917251797,2
137,3.6208755926616707,-0.38471074101799024,-1.5353913286668974,0.1729218603000472,-0.41561718286665417,-0.8598084560564297,0.5584969902282547,-0.0337478554131627,-0.03155619664564444,0.07754783642545374,-0.7512753703231755,-0.10642429932038577,-0.45309255084606315,2
138,3.2490065287561443,-0.36058263487543873,1.0352815244934181,0.3133319687292363,-1.0673914950299985,-0.6793662416307621,0.2333263831292037,0.13326570305057464,0.47637060061056236,0.24426638967004793,-0.17290485553554197,0.036339653094649704,-0.5451081893915586,2
139,2.373940819851601,-0.3383037911972843,-0.9946366287971147,1.1036333404393055,-0.1397691301178892,-0.5889769343586192,-0.23360102084448647,-0.6456456715519715,0.1981390804405876,0.8069117631357521,-0.33407787771715236,-0.06481598865558053,-0.8552869775097672,2
140,3.0297752123007653,-0.32245395272056254,-0.35832107648615485,1.1617915509397843,-0.2228395247733506,-0.8118366829527409,-0.41166252867863956,-0.11649364400126165,-0.28196542475619657,0.08649475284892989,0.8114280854981002,0.2503622093519492,-0.6878900815870234,2
141,2.7973941222183853,-0.5296813445000065,1.11367321653094,0.5452091424139858,-0.27121101131340813,-0.7228801999670665,-1.2573541872183471,0.3993432315689438,-0.30223844690428575,0.6708949910072424,0.8882702096732413,0.5173594334154998,-0.4128893252244923,2
142,3.360014283855432,-0.4042526073094223,-0.5115099920701217,1.5684828978770797,-0.12572827132780107,-1.2679227280157823,-1.1150624091882115,-0.1560195576160744,0.6572268267287195,0.08671727182935143,0.268870658119881,0.05446024195293499,-0.5003368700452245,2
143,2.150042159806594,-0.4086779074681581,0.053538149069096784,-0.13130448949740242,-0.9051930541330104,-1.4615883963787715,0.022399877450613743,-0.09659333269262001,0.6529233935311295,-0.049034851532280314,-0.468985252817825,-0.27869042771538954,-0.42469819499436967,2
144,2.2899897471397965,-1.2381869448242822,1.016107312766651,-0.8888453676321093,1.436967948839656,-0.43854507642773866,0.37843368828990215,0.31981379751884653,-1.089413615992464,0.2793109202041307,-0.07191321448869015,0.9839891210866426,0.023166543367097243,2
145,2.9295120241611867,-0.7606646239379009,0.6884455678078165,-0.6197482975838211,0.39730606421878134,-0.4568867515889789,0.7375858725343502,0.8116194683823316,-0.07734711539018832,0.8016516950608166,0.5056910848777406,-0.784660707987122,-0.01782225436917313,2
146,5.35789500171025,-0.3827256397144118,1.5940031721394057,-0.7659578572423436,-0.5387652426014599,-1.0061210368045042,-1.0014985733946893,0.7172461828537776,0.5707718582279712,-0.6851334479999579,0.4336850172285807,-0.43974893090332534,-0.12011847757684097,2
147,3.7371981692332223,-1.1024938688049053,-0.0264300925093498,-0.724515845920795,-0.8165567822313357,-0.2959438574104504,-0.5210625943836731,-0.42285162341930216,-0.7406320020181428,0.40295693607400057,0.13300250948085202,0.2205137660857582,-0.06209725110691576,2
148,2.945155153920768,-1.5199977486163299,0.1698435840028817,-0.8094666870099962,-0.5709955541628257,0.6851457727438344,-0.04062395771522207,-0.2648899774703903,-0.1484339455804254,0.37516228195975737,0.021901068067561574,-0.27279325726194514,-0.0932736563917261,2
149,3.0724526556240916,-1.8620170417329807,0.21654171240760872,-1.0127948378053984,1.234887743504138,0.38280445906121835,0.10005746957503339,-0.27286052366350605,0.1793700568577271,-0.47032455635466225,-0.3451863032630303,0.2509970268566576,1.026478269349877,2
150,2.4960257098087566,-2.23547211713314,-0.4903157837178373,-0.9997538044105027,2.288154938042515,0.6718902805083512,-0.8454651511562752,0.02286468873583598,0.668502194079159,-0.89949662439554,-0.14247185058204237,-0.11719772240080106,0.8720291774165464,2
151,2.7299377422078814,-1.773781192296563,0.01889454923391406,-1.487145592540285,1.7999350336027171,1.3274304164863735,-0.679650539210656,-0.495700873526161,-0.2027621173545198,-0.5430461912933326,0.2046034284361658,0.38592852848708337,0.6477362403977748,2
152,1.8735446772743374,-1.4405729952295925,-1.2922669857665512,-0.6098070164696018,1.7779016255967541,1.7314378923469453,-0.6880011258654339,-0.6699334597851047,0.5762408587681545,-0.47566197499823715,-0.18618198532716612,-0.8939336638747758,-0.07228938085781374,2
153,2.7455145167652164,-1.8982383409648234,0.5567899447714145,-0.8950127293151982,-0.7840567011820581,1.0459443794348533,1.5062063485667974,-0.1919373069513033,-0.22640337989315445,-0.1442056264719617,0.010184678140612245,0.004976890128865968,-0.030365585075268844,2
154,2.879380561892338,-0.4251934337789525,1.255986186504519,0.23239722585173825,0.5552054873559679,1.9902402891893298,1.0766958371517432,0.14444199369337385,-0.17415655691701923,0.5403760488839453,0.6819652089089899,0.08269884695016629,-0.1495366825161537,2
155,3.520894950320007,-1.6187312279054331,-0.13450505389545733,-0.9260491072622704,-0.9153736267032256,0.07978248505218213,1.08360934458357,0.32188654964201036,-0.16865689968450015,0.366713175973696,-0.4504160942521873,-0.27197843126995463,-0.08433324770260645,2
156,2.9394075025462625,-1.626388476373258,0.2872593347117647,-1.3558566368633962,-1.1400947110356452,0.45189457009006007,0.28348659484403876,-0.2667431757178191,0.4223000114187937,-0.5565076727800159,0.10222961076290601,-0.12965868459224766,-0.21337907984864388,2
157,3.3225704613051033,-1.2237880602594504,-1.33377028858706,0.6180150468430851,-0.32269180637932743,0.588781701880333,0.3342848712349222,0.21806876546896958,-0.7300922923078089,1.165405549833396,-0.3364540470539627,0.02245334529875705,-0.28565842047377327,2
158,1.024555836731257,-2.708518732933732,-1.4250866442608139,-0.5797369684519534,-1.2355351557165402,2.6593282724125,0.293772204266352,-0.27384616354652325,0.8560185909776856,0.3548580416765077,0.43465375709179305,-0.30913033648972305,-0.4159918320773471,2
159,1.5522859378882006,-1.8201281597240795,-0.8551144427985149,-0.564513866438521,-1.3038673753226389,2.5948397545743203,0.2225578748303538,-0.42469368893920445,-0.04209015913788335,0.07201242020073743,0.21482111606940285,-0.31515703110798504,-0.5062448772314821,2
160,3.1545597598941977,-0.5897210046143413,-0.1615318879384272,-0.90706540237982,-0.7022289615429016,0.4618568272808894,0.09448990350476515,-1.2451601057701536,-0.7672082677263178,0.3827688123914562,-0.5587495452288385,-0.19052211776415595,0.022664780140879304,2
161,2.418236367610947,-1.3191123346369746,0.22461480121093486,1.3166979011405007,0.0014708649419638822,-0.9901019902181454,0.004053028444256035,-0.1705042694834662,0.5721109462935704,-0.015181937278797025,-0.3289272697222326,-0.07137092618686239,-0.7061926967831866,2
162,2.7940809711145698,-0.5892295017599588,-0.6631808188275047,1.0152563262741885,0.04352728772860723,-0.6556215195079046,0.5086753222879847,-0.133745921227884,0.20283453670704155,0.10180514619419909,0.062356224308216766,0.48803617227500923,-0.5796045439720899,2
163,2.8351093474183764,-0.8934759985231137,0.8121905568190341,0.011353425635761867,0.698875487285836,-0.7161377684672061,0.2537225804520252,0.06820777059082112,-0.30719602311188376,-0.17268798813948216,0.37427237798948537,0.013455889738676964,0.05353927916636372,2
164,3.1836728380277974,-1.3194063978107042,0.8035484412207451,-0.13245612071911922,-0.43363510900265007,0.546809070985308,-0.6137513953739782,0.6695958184607194,0.5549091428521671,-0.047087715260716353,-0.06366043343884024,0.4911060949051465,-0.017195590906467655,2
165,3.752180677702613,-0.7209130447533778,0.3882620385114279,-0.3087229079684619,-0.8508426914099443,-0.45821296124450167,0.10323506945315061,1.004521225726448,0.8887975083366952,-0.12253888924655502,-0.16183071616959824,0.3170119906549737,-0.45148437567239286,2
166,2.296470150028085,-2.2601859921599696,-0.6536720442197881,0.11164969673331236,0.37628881945094905,0.2762835379233001,0.38150326462816947,0.3881064691906362,0.446826617502289,-0.383046015277273,-0.9209430435945978,0.40970248721656666,-0.17456445026497308,2
167,3.0599720450434726,-1.0095552762311386,0.9780956321518748,-0.28412918569959555,-0.4198921429856843,0.178967485151479,-0.33925149446523967,0.2382692185491792,-0.6143821329089282,-0.06573810906676766,-0.51758060454403,0.8119846498708012,-0.23192329467063225,2
168,2.201904670497992,-1.9799340831610994,-0.8365220212243194,0.15714398431568014,0.34360379530687535,0.7379292271401573,-0.2011378278332554,0.8756638393584719,0.30381543633756475,-0.1335306600690047,0.0752191622312828,0.19761736528205268,-0.21464451600384532,2
169,2.1973648086901414,-2.351192020221102,-1.4189577673191038,-0.6730098767937971,0.9965540552175893,-0.3886672617956551,-1.0790530159846734,-0.25886049768466285,0.11077521079625484,-0.02477483200684481,-0.3207513302100929,0.1601418409436777,-0.3118009201807019,2
170,3.738267258252361,0.1777765075409596,0.9435405711684022,0.08210788914237681,0.6797027141502908,-0.44727805690849837,-0.22468139316894073,-0.15338444961668887,-0.7484955980240436,-0.13486582029887803,0.40433577352576167,0.5596293383611028,-0.31257673689390386,2
171,4.252250118407072,-0.4952173779047675,1.3826549586741692,0.11385906906418095,-0.3959413807646006,0.7118116049697161,-0.7098372610884431,-0.6915636763666277,-0.370536526886928,0.043074610467211095,0.262718780566254,0.7557712108099834,-0.1640729182079858,2
172,2.641440696355934,-1.983609890501138,0.6152033107820811,-0.18022599403632347,-0.84825622486121,0.8103076111689653,-0.41150603898181354,0.1546572217825138,0.3494172213750148,-0.23829803546687894,0.4159197743364065,-0.07133338019141117,-0.3279468602217657,2
173,3.3234533667599075,-1.9934126810096486,0.14687538349556817,-0.47629689293629834,-0.8449872361732397,-0.8302436141019036,0.21798004275952723,0.0746857158042458,0.0052946824594005,0.1616601782926085,-0.11286161626141958,-0.027644212920563568,-0.1985120566559826,2
174,2.6342066038517817,-1.7750932185752837,-0.40707851993271305,-0.3775136598050628,0.03061289816692788,0.07320130464510304,0.27562194860468003,0.41999453919180085,0.13322487915097692,0.19029470591246303,-0.45670364472102304,-0.3414162027464925,-0.17363639270324763,2
175,2.8372570412321503,-2.567813195067063,0.6135190690769137,-0.7144978070751311,0.8783320120531407,-0.0024628254087303153,1.109101233949706,0.053917856711611534,-0.03218799339984098,0.38496144027784884,-0.15999702309110977,0.3134100426424721,0.024963285472680112,2
176,2.553409083182358,-2.2601813434407325,0.3636581642646519,0.11321008327173922,0.7121628869333533,0.7426294245623011,1.3435109553425217,-0.030374869636989415,-0.10417230656414939,0.3747457924955265,0.36161149636388773,0.14966278510932904,-0.11471314997274963,2
177,3.1497888904600173,-2.372349432477186,-1.1557197016182936,-0.37063122611532173,-1.006113382986777,0.4204866441013134,-0.06972869558987478,-0.2981344814260152,0.7333287460515261,-0.04256242082310574,-0.08884585194464338,-0.3798112872190187,-0.3095052660080829,2
